Gene Name,UniProt ID
PTGS2,P35354
TNF,P01375
IL10,P22301
IL6,P05231
PTGS1,P23219
IL1B,P01584
CXCL8,P10145
MAPK14,Q16539
ALOX5,P09917
PARAIL,
LINC-ADAIN,
HMOX1,P09601
CCL2,P13500
BDNF-AS,
IFNG,P01579
CRP,P02741
COX5A,P20674
IL4,P05112
CYP2C9,P11712
NOS2,P35228
PPARG,P37231
GDF15,Q99988
ANXA1,P04083
IL1RN,P18510
TGFB1,P01137
CD163,Q86VB7
LINC02605,
NFE2L2,Q16236
IL5,P05113
NR3C1,P04150
CERNA3,
ADIPOQ,Q15848
SOD2-OT1,
ICAM1,P05362
NFKBIA,P25963
MPO,P05164
PTGER2,P43116
NFKB1,P19838
IL13,P35225
IKBKB,O14920
IL1A,P01583
MMP1,P03956
ELANE,P08246
TLR4,O00206
ALB,P02768
MIF,P14174
VCAM1,P19320
IL1R1,P14778
STAT3,P40763
IL2,P60568
MAPK1,P28482
MMP9,P14780
MMP3,P08254
IL18,Q14116
CHUK,O15111
LTF,P02788
JUN,P05412
RELA,Q04206
PDE4A,P27815
PPARA,Q07869
FPR2,P25090
RNASE3,P12724
KEAP1,Q14145
CYSLTR1,Q9Y271
CCL5,P13501
INS,P01308
TSC22D3,Q99576
PLA2G2A,P14555
SELE,P16581
TBX21,Q9UL17
CSF2,P04141
IL1RAPL2,Q9NP60
MEFV,O15553
MAPK8,P45983
CREB1,P16220
BMP6,P22004
FFAR4,Q5NUL3
NR1H2,P55055
OXA1L,Q15070
IL17A,Q16552
VEGFA,P15692
CCL3,P10147
TP53,P04637
APP,P05067
CPOX,P36551
CASP3,P42574
CSF3,P09919
PPARD,Q03181
CYP3A4,P08684
STAT1,P42224
IL37,Q9NZH6
CYP2C19,P33261
PIK3CG,P48736
SOD1,P00441
TLR2,O60603
CXCL10,P02778
PLA2G4A,P47712
HRH2,P25021
PLA2G7,Q13093
CCL11,P51671
LOC109286563,
POMC,P01189
BGLAP,P02818
BCL2,P10415
PGR-AS1,
IGHE,P01854
ADAM17,P78536
CCL4,P13236
MIR7-3HG,Q8N6C7
AKR1C3,P42330
HLA-DRB1,P01911
TNFRSF1A,P19438
MMP2,P08253
CSF1,P09603
HMGB1,P09429
CD14,P08571
HLA-B,P01889
APOA1,P02647
NLRP3,Q96P20
KNG1,P01042
ZFP36,P26651
ABCC4,O15439
SRC,P12931
IL12A,P29459
LTC4S,Q16873
CYSLTR2,Q9NS75
SYK,P43405
LTA4H,P09960
XDH,P47989
HPGD,P15428
MAPK3,P27361
IL11,P20809
HSD11B1,P28845
PLA2G6,O60733
CTNNB1,P35222
NOS3,P29474
ACE,P12821
SELP,P16109
CAT,P04040
LEP,P41159
NQO1,P15559
PON1,P27169
CYP2C8,P10632
APOE,P02649
RXRA,P19793
ABCB1,P08183
ALOX15,P16050
GGT1,P19440
EDN1,P05305
SCARNA5,
PRKACA,P17612
SCGB1A1,P11684
SELL,P14151
LTA,P01374
CXCL2,P19875
EGF,P01133
IKZF1,Q13422
CASP8,Q14790
IKBKG,Q9Y6K9
PIK3CA,P42336
ADORA2B,P29275
BAX,Q07812
JAK2,O60674
CD40,P25942
IL6R,P08887
CASP1,P29466
G6PD,P11413
ITGAM,P11215
SLC22A6,Q4U2R8
CXCL1,P09341
THBD,P07204
HP,P00738
ALOX12,P18054
FPR1,P21462
SERPINE1,P05121
CFTR,P13569
PTGES,O14684
ADRB2,P07550
UGT1A6,P19224
LOX,P28300
CCND1,P24385
ITGB2,P05107
HGF,P14210
EPX,P11678
HMGCR,P04035
F3,P13726
TNFAIP6,P98066
IRF3,Q14653
PDE4B,Q07343
SLPI,P03973
TPMT,P51580
F5,P12259
UGT1A,
CYCS,P99999
MFSD10,Q14728
FOS,P01100
AKT1,P31749
TRA-TGC7-1,
F2,P00734
RARRES2,Q99969
ADK,P55263
FCGR3A,P08637
HIF1A,Q16665
IL12B,P29460
CYP1A2,P05177
CTLA4,P16410
VDR,P11473
SERPINA1,P01009
EGR1,P18146
DUSP1,P28562
IL27,Q8NEV9
ABCC1,P33527
NGF,P01138
IL2RA,P01589
UGT2B7,P16662
TIMP1,P01033
MYC,P01106
BCL2L1,Q07817
HSPA4,P34932
CYP2D6,P10635
CD4,P01730
CD59,P13987
BDNF,P23560
FCGR1A,P12314
CASP9,P55211
UGT1A9,O60656
AR,P10275
DPEP1,P16444
GHRL,Q9UBU3
CXCL12,P48061
FAS,P25445
SOD2,P04179
IGF1,P05019
TTR,P02766
VIP,P01282
ANXA5,P08758
MMP13,P45452
FURIN,P09958
PLCG1,P19174
ODC1,P11926
GCLC,P48506
ABCA1,O95477
CCL17,Q92583
SLC22A8,Q8TCC7
TNFRSF1B,P20333
S100A8,P05109
PPIG,Q13427
GSK3B,P49841
NOX1,Q9Y5S8
KLK3,P07288
RETN,Q9HD89
GPS2,Q13227
NR1H4,Q96RI1
CD36,P16671
IL10RA,Q13651
PTEN,P60484
IL3,P08700
TNFRSF11B,O00300
NR3C2,P08235
ASIC1,P78348
NAT2,P11245
CD40LG,P29965
APC,P25054
IFNA1,P01562
PTGER4,P35408
CTSG,P08311
PARP1,P09874
MAPK10,P53779
HSD11B2,P80365
F2R,P25116
CALCA,P06881
IFNB1,P01574
CNR1,P21554
IL18R1,Q13478
STAT6,P42226
MAP2K1,Q02750
EBI3,Q14213
IL15,P40933
ESR1,P03372
SERPINF1,P36955
NOD2,Q9HC29
TLR3,O15455
FYN,P06241
CD79A,P11912
ADORA3,P0DMS8
CXCL5,P42830
SERPINC1,P01008
CHRNA7,P36544
CDH1,P12830
CXCR3,P49682
MIR146B,
CCL22,O00626
NR5A2,O00482
ALPP,P05187
UGT1A3,P35503
BIRC5,O15392
GSTP1,P09211
GUSB,P08236
GCLM,P48507
NINJ1,Q92982
CYP3A5,P20815
PLA2G1B,P04054
CRH,P06850
ADA,P00813
SIRT1,Q96EB6
PWAR1,
TNFSF10,P50591
ACE2,Q9BYF1
GNAI1,P63096
IGFBP3,P17936
SULT1A1,P50225
CCL7,P80098
LDLR,P01130
SP1,P08047
VWF,P04275
IL19,Q9UHD0
TLR9,Q9NR96
ADCY1,Q08828
ATF4,P18848
CAMP,P49913
RAF1,P04049
CDKN1A,P38936
BMP2,P12643
LGALS1,P09382
SPINK5,Q9NQ38
SOCS3,O14543
NR1H3,Q13133
MCL1,Q07820
PDE3B,Q13370
ADCY10,Q96PN6
PRKAR1A,P10644
PLAU,P00749
SLC7A11,Q9UPY5
HSF1,Q00613
CYBA,P13498
TBXA2R,P21731
ADORA2A,P29274
TGFB2,P61812
RHOA,P61586
GSTA2,P09210
MIR146A,
IL4R,P24394
HDAC9,Q9UKV0
C5AR1,P21730
CXCL17,Q6UXB2
AHR,P35869
FAAH,O00519
CYP2B6,P20813
TXN,P10599
CPT2,P23786
NLRP10,Q86W26
MBP,P02686
BAK1,Q16611
GNAS,P84996
SCARB1,Q8WTV0
ADCYAP1,P18509
PTGDR2,Q9Y5Y4
NAGLU,P54802
IL36RN,Q9UBH0
UGT1A1,P22309
ESR2,Q92731
TF,P02787
GCG,P01275
IDO1,P14902
SLC5A8,Q8N695
PROC,P04070
PROCR,Q9UNN8
CDKN1B,P46527
PECAM1,P16284
PRKCA,P17252
APOB,P04114
CYP2E1,P05181
ITGAL,P20701
ADCY5,O95622
EGFR,P00533
HLA-DQB1,P01920
LOC126862264,
MUC5AC,P98088
LBR,Q14739
TBXAS1,P24557
MIR155,
IFI16,Q16666
MXRA5,Q9NR99
C3,P01024
NOS1,P29475
CYP19A1,P11511
ABCC2,Q92887
AGT,P01019
CNR2,P34972
FASLG,P48023
ZC3H12A,Q5D1E8
REN,P00797
FGF2,P09038
SOCS1,O15524
FNDC4,Q9H6D8
AKR1B1,P15121
PCNA,P12004
HRH1,P35367
KLF2,Q9Y5W3
IL1F10,Q8WWZ1
AMACR,Q9UHK6
LCK,P06239
TNFSF11,O14788
CXCR1,P25024
PTX3,P26022
NPPB,P16860
SST,P61278
PGR,P06401
TNFRSF10B,O14763
ITGA4,P13612
CD69,Q07108
MUC1,P15941
SPP1,P10451
LTB4R,Q15722
MYH9,P35579
GNB1,P62873
GNAI3,P08754
PLK2,Q9NYY3
HNF1A-AS1,
TRPA1,O75762
SPARC,P09486
ADM,P35318
HSPA1A,P0DMV8
REG3A,Q06141
ALOX15B,O15296
SLC9A3,P48764
LYN,P07948
IL7,P13232
SHBG,P04278
KL,Q9UEF7
MIRLET7C,
PTK2,Q05397
TNIP1,Q15025
SULT1A3,P0DMM9
LPL,P06858
CDK4,P11802
APEX1,P27695
EPO,P01588
HSPB1,P04792
IRS1,P35568
FCGR2A,P12318
TAT,P17735
CCR3,P51677
PRKAA1,Q13131
EPHX2,P34913
VKORC1,Q9BQB6
LBP,P18428
CPEB2-DT,
DNAH8,Q96JB1
PLCG2,P16885
BIRC3,Q13489
SERPINA6,P08185
SAA1,P0DJI8
PTGDR,Q13258
CXCL11,O14625
PRKACB,P22694
ADCY3,O60266
ADCY6,O43306
GNAI2,P04899
GNB3,P16520
PRKAR1B,P31321
PRKACG,P22612
ADCY2,Q08462
ADCY8,P40145
GNB2,P62879
GNB5,O14775
ADCY9,O60503
ADCY7,P51828
GNB4,Q9HAV0
PRKAR2B,P31323
GNGT1,P63211
PRKAR2A,P13861
ADCY4,Q8NFM4
GNAZ,P19086
PRKX,P51817
RHBDF2,Q6PJF5
GNG2,P59768
GNG3,P63215
GNGT2,O14610
GNG12,Q9UBI6
GNG11,P61952
GNG5,P63218
GNAT3,A8MTJ3
GNG10,P50151
GNG4,P50150
GNG13,Q9P2W3
GNG7,O60262
GNG8,Q9UK08
GPT,P24298
TRPV1,Q8NER1
HNF4A,P41235
SCT,P09683
MLH1,P40692
MIR125A,
HSPG2,P98160
CD86,P42081
ELN,P15502
F10,P00742
ITPR1,Q14643
HSPD1,P10809
CXCL9,Q07325
TNFAIP3,P21580
IRS2,Q9Y4H2
ITPR2,Q14571
SLC17A5,Q9NRA2
MMP8,P22894
CXCR2,P25025
PDCD1,Q15116
HRH4,Q9H3N8
IL22,Q9GZX6
TNFRSF10A,O00220
TRP-AGG2-6,
PLAT,P00750
FGR,P09769
CD3G,P09693
IL1RAP,Q9NPH3
CYBB,P04839
NR4A1,P22736
XCL1,P47992
HPX,P02790
KITLG,P21583
MMP14,P50281
TRC-GCA24-1,
IFI27,P40305
CISH,Q9NSE2
MTOR,P42345
FCER2,P06734
CCL13,Q99616
CCL27,Q9Y4X3
PLA2G2D,Q9UNK4
CD209,Q9NNX6
TGFA,P01135
HSPA5,P11021
NFKBIB,Q15653
PI3,P19957
RARA,P10276
P2RX7,Q99572
HLA-G,P17693
PTGIS,Q16647
IL1R2,P27930
MIR133B,
CP,P00450
EDNRA,P25101
CLU,P10909
ANGPT2,O15123
UGT1A10,Q9HAW8
CCN2,P29279
ABCC3,O15438
STAT4,Q14765
CYP1B1,Q16678
S100A9,P06702
UCN,P55089
IGF2,P01344
FN1,P02751
ITIH4,Q14624
SFTPD,P35247
TGIF1,Q15583
ANPEP,P15144
SERPINB1,P30740
HDAC2,Q92769
IL16,Q14005
IL18BP,O95998
PRTN3,P24158
MAOB,P27338
LCAT,P04180
FOXP3,Q9BZS1
VAV1,P15498
PTK2B,Q14289
RPS27A,P62979
FKBP5,Q13451
TACR1,P25103
GPR35,Q9HC97
RAPGEF3,O95398
LEPR,P48357
GUCY1A1,Q02108
GUCY1B1,Q02153
GUCY1A2,P33402
TRD-GTC9-1,
NPY,P01303
TRN-GTT2-7,
TRE-TTC3-1,
BID,P55957
RAPGEF4,Q8WZA2
MAP3K7,O43318
PRKAA2,P54646
CCR5,P51681
SAA4,P35542
AQP2,P41181
TAC1,P20366
PDE7A,Q13946
PYCARD,Q9ULZ3
HSPA8,P11142
CCL20,P78556
CSF1R,P07333
CCL8,P80075
PRL,P01236
TFF3,Q07654
PVR,P15151
AGER,Q15109
TLR7,Q9NYK1
TEK,Q02763
PSEN1,P49768
CHGA,P10645
NR1I2,O75469
BPIFA2,Q96DR5
CD274,Q9NZQ7
IL33,O95760
ADPRH,P54922
NT5E,P21589
AKR1C4,P17516
MAPK11,Q15759
CDKN3,Q16667
HCK,P08631
VIM,P08670
NOTCH1,P46531
PROS1,P07225
SLC9A1,P19634
CDKN2A,Q8N726
PRKAB1,Q9Y478
IL9,P15248
XIAP,P98170
CCR4,P51679
NPPA,P01160
ERBB2,P04626
MYD88,Q99836
CYP2J2,P51589
GPER1,Q99527
SELPLG,Q14242
DHRS9,Q9BPW9
FOXO1,Q12778
LIF,P15018
RARB,P10826
WNT5A,P41221
ELAVL1,Q15717
CX3CR1,P49238
TG,P01266
IRAK1,P51617
SFTPA1,Q8IWL2
BTK,Q06187
CALM1,P0DP23
CALM2,P0DP24
ITGB1,P05556
DUSP10,Q9Y6W6
CYP1A1,P04798
GAL,P22466
IGF1R,P08069
IL2RB,P14784
SMAD7,O15105
ARRB2,P32121
F9,P00740
SLC22A7,Q9Y694
ABCG2,Q9UNQ0
PPBP,P02775
PRKCD,Q05655
ASIC3,Q9UHC3
TMSB4X,P62328
MIR21,
HPSE,Q9Y251
SNORD44,
INSR,P06213
VTN,P04004
HMOX2,P30519
CA1,P00915
UGT1A7,Q9HAW7
SMAD2,Q15796
MERTK,Q12866
CD28,P10747
AOC3,Q16853
PTPN6,P29350
HLA-DPB1,P04440
ITLN1,Q8WWA0
EDNRB,P24530
PRKCB,P05771
SIK2,Q9H0K1
PTGER1,P34995
NR4A2,P43354
PLG,P00747
CEP68,Q76N32
JAK1,P23458
RPS6KA5,O75582
TFF2,Q03403
CD247,P20963
ITPR3,Q14573
PRKG2,Q13237
YES1,P07947
CALM3,P0DP25
AHCYL1,O43865
GGT5,P36269
DPEP2,Q9H4A9
GUCY1B2,O75343
LOC124905021,
TYR,P14679
HLA-A,P04439
REL,Q04864
HLA-DRA,P01903
THBS1,P07996
TSPO,B1AH88
GZMB,P10144
MAP3K1,Q13233
PDE4D,Q08499
ANGPT1,Q15389
AGTR1,P30556
AKR1C1,Q04828
ATF3,P18847
OPRM1,P35372
SCN11A,Q9UI33
ICAM3,P32942
PTGES3,Q15185
HSP90AB1,P08238
CXCR4,P61073
GUCY2D,Q02846
LGALS3,P17931
MC1R,Q01726
GJA1,P17302
PPARGC1A,Q9UBK2
CDK2,P24941
H19,
EPHX1,P07099
MT-RNR1,A0A0C5B5G6
ATM,Q13315
BMP7,P18075
C3AR1,Q16581
ERAS,Q7Z444
GADD45A,P24522
MAPT,P10636
DDIT3,P35638
IFNA2,P01563
CHAT,P28329
HRAS,P01112
HAVCR1,Q96D42
CDK6,Q00534
CCL18,P55774
MDM2,Q00987
TNC,P24821
PF4,P02776
SNORD15A,
ACHE,P22303
TDO2,P48775
CYP21A2,P08686
ALOX5AP,P20292
HSP90AA1,P07900
CPT1B,Q92523
IL23A,Q9NPF7
IL6ST,P40189
MAPK13,O15264
MB,P02144
CCR1,P32246
NFATC1,O95644
IL5RA,Q01344
ADAMTS13,Q76LX8
EPAS1,Q99814
CD44,P16070
F2RL1,P55085
TRP-AGG2-5,
CFLAR,O15519
CD38,P28907
C1QTNF3,Q9BXJ4
CDC42,P60953
CCND2,P30279
SULT2A1,Q06520
CD58,P19256
CLDN4,O14493
DNTT,P04053
GADD45G,O95257
MUC5B,Q9HC84
MUCL3,Q3MIW9
MROS,
ATP4A,P20648
FMO3,P31513
PIK3R1,P27986
MFGE8,Q08431
GAST,P01350
CD82,P27701
C1QTNF4,Q9BXJ3
MAP2K3,P46734
ROCK2,O75116
CSK,P41240
SMAD6,O43541
PLA2G5,P39877
MAPKAPK2,P49137
TUG1,A0A6I8PU40
MT-TP,
TFRC,P02786
AKR1C2,P52895
MUC16,Q8WXI7
NLRC3,Q7RTR2
CHRFAM7A,Q494W8
TREM2,Q9NZC2
SLCO1A2,P46721
P2RY12,Q9H244
DEFB103B,P81534
MIR494,
DHDH,Q9UQ10
KDR,P35968
TCF7L2,Q9NQB0
KCNA2,P16389
GATA6,Q92908
MAFB,Q9Y5Q3
PRKCE,Q02156
CX3CL1,P78423
CEBPB,P17676
IL32,P24001
S100B,P04271
CALR,P27797
CLEC7A,Q9BXN2
RUNX2,Q13950
IL24,Q13007
SCGB3A2,Q96PL1
MVK,Q03426
SLC29A1,Q99808
BMP4,P12644
GH1,P01241
CCR2,P41597
UGT1A4,P22310
CCL15-CCL14,
TMPRSS2,O15393
CEBPA,P49715
DHFR,P00374
LPA,P08519
ESRRB,O95718
PWAR4,
PDE5A,O76074
SRD5A1,P18405
CD80,P33681
ABCB11,O95342
PIK3CD,O00329
HCAR2,Q8TDS4
NGFR,P08138
DIABLO,Q9NR28
CYP4F2,P78329
PTH,P01270
BLVRB,P30043
PTAFR,P25105
IGFBP5,P24593
UGT2B4,P06133
HSPE1,P61604
SLC22A11,Q9NSA0
APOA4,P06727
TTF2,Q9UNY4
BIRC2,Q13490
PAK1,Q13153
TUBB3,Q13509
CA2,P00918
SMPD1,P17405
CDH5,P33151
SCN4A,P35499
NAMPT,P43490
UBC,P0CG48
HCRT,O43612
PTHLH,P12272
F7,P08709
TJP1,Q07157
STK11,Q15831
PDE2A,O00408
CD19,P15391
NOX4,Q9NPH5
HLA-DQA1,P01909
CPQ,Q9Y646
IKBKE,Q14164
IRAK4,Q9NWZ3
TGM2,P21980
BSG,P35613
SULT1E1,P49888
PTGER3,P43115
LEPQTL1,
FGF1,P05230
ACP1,P24666
P2RY11,Q96G91
BCL3,P20749
MAOA,P21397
FASN,P49327
DLK1,P80370
MUC4,Q99102
MBL2,P11226
DAO,P14920
TIMP2,P16035
MIR320A,
GBA1,P04062
FSIP1,Q8NA03
CYP3A7,P24462
EIF4A1,P60842
SBNO2,Q9Y2G9
SFRP5,Q5T4F7
FOXO3,O43524
PSTPIP1,O43586
COL17A1,Q9UMD9
ABCC6,O95255
LY96,Q9Y6Y9
CAV1,Q03135
GSR,P00390
MIR98,
BDKRB1,P46663
GLUL,P15104
PTGES2,Q9H7Z7
MOG,Q16653
SIGIRR,Q6IA17
TFF1,P04155
APOH,P02749
ELF4,Q99607
METRNL,Q641Q3
SIGLEC11,Q96RL6
OSGIN1,Q9UJX0
MAPK7,Q13164
SIRT6,Q8N6T7
SOD3,P08294
TYMS,P04818
PSMB8,P28062
GATA3,P23771
MME,P08473
LPIN2,Q92539
DUSP6,Q16828
ARG2,P78540
RECK,O95980
LALBA,P00709
AMBP,P02760
HADHA,P40939
S100A12,P80511
BDKRB2,P30411
MIR155HG,C0HMA1
PLAUR,Q03405
TFPI,P10646
SLC2A1,P11166
RORA,P35398
FFAR1,O14842
PTGR1,Q14914
TGFB3,P10600
LOC111365141,
ESD,P10768
MYOC,Q99972
MMP12,P39900
CCL1,P22362
AIM2,O14862
BPI,P17213
TNFSF13B,Q9Y275
CGB5,P0DN86
SKP2,Q13309
HTR3A,P46098
CCK,P06307
CCN3,P48745
ZFP36L1,Q07352
KRAS,P01116
TLR8,Q9NR97
WAS,P42768
F8,P00451
CFH,P08603
SFTPC,P11686
RAC1,P63000
MSH2,P43246
PTP4A1,Q93096
SLC4A11,Q8NBS3
MIR766,
DHODH,Q02127
IGFBP1,P08833
OSM,P13725
SOAT1,P35610
EZH2,Q15910
RCAN1,P53805
CYP11A1,P05108
NAT1,P18440
SFTPB,P07988
SP7,Q8TDD2
STAT5A,P42229
GPR174,Q9BXC1
APAF1,O14727
CORT,O00230
CCKBR,P32239
PSTPIP2,Q9H939
MTHFR,P42898
PC,P11498
CTSL,P07711
GHSR,Q92847
ZAP70,P43403
RPS6KB1,P23443
GPX3,P22352
LCN2,P80188
ENTPD1,P49961
COL26A1,Q96A83
RELB,Q01201
CDK1,P06493
TSLP,Q969D9
PDE3A,Q14432
RAP1A,P62834
PDE4C,Q08493
FST,P19883
PRF1,P14222
MAP4K4,O95819
MIR27A,
TNFRSF11A,Q9Y6Q6
CCNA2,P20248
GLA,P06280
FAP,Q12884
GP1BA,P07359
RUNX1,Q01196
SPTAN1,Q13813
PLA2G10,O15496
PTPN11,Q06124
MET,P08581
TNFAIP8L2,Q6P589
AREG,P15514
ESRRA,P11474
THPO,P40225
GFAP,P14136
TXNIP,Q9H3M7
HLA-C,P10321
CD34,P28906
TIGIT,Q495A1
TRL-TAG1-1,
TLR5,O60602
CEBPD,P49716
GLCCI1,Q86VQ1
MIR451A,
HAS3,O00219
KRT16,P08779
ITCH,Q96J02
EHMT2,Q96KQ7
GHR,P10912
LIPE,Q05469
BTRC,Q9Y297
BACE1,P56817
NPR1,P16066
SMAD3,P84022
PMS2,P54278
EPCAM,P16422
MSH6,P52701
PIGF,Q07326
MMP7,P09237
MPZ,P25189
MIR31HG,
ITGA5,P08648
GNRH1,P01148
NEU1,Q99519
SLCO1B1,Q9Y6L6
IVL,P07476
ACACA,Q13085
FTO,Q9C0B1
MIR23A,
NFKB2,Q00653
MAP2K4,P45985
GIP,P09681
GCA,P28676
CYP2A6,P11509
TYK2,P29597
GC,P02774
SLCO2A1,Q92959
SLC22A4,Q9H015
GPR37,O15354
RPS6KA4,O75676
MR1,Q95460
CYP4F3,Q08477
GSTM4,Q03013
SUCNR1,Q9BXA5
GDE1,Q9NZC3
REG3G,Q6UW15
APPL2,Q8NEU8
MCUB,Q9NWR8
RNFT2,Q96EX2
ADH7,P40394
CPB2,Q96IY4
JMJD6,Q6NYC1
MIR211,
CD55,P08174
BCL2A1,Q16548
TH,P07101
FGF7,P21781
HAS2,Q92819
SLC9A6,Q92581
MAP2K5,Q13163
SLC9A2,Q9UBY0
SLC9A5,Q14940
SLC9A4,Q6AI14
PCK2,Q16822
GSTM1,P09488
SLC6A6,P31641
GDNF,P39905
ADIPOR1,Q96A54
SLC2A4,P14672
GRP,P07492
RIPK2,O43353
PRG4,Q92954
CRMA,
CREBBP,Q92793
BRCA1,P38398
PIK3C2A,O00443
CCL21,O00585
DINOL,
SERPINA7,P05543
TRAF6,Q9Y4K3
TRH,P20396
PTPN2,P17706
OXT,P01178
MRC1,P22897
GKN1,Q9NS71
HBEGF,Q99075
PLTP,P55058
CAMK2G,Q13555
GRB2,P62993
PXN,P49023
VASP,P50552
CD8A,P01732
KRT18,P05783
MAPK9,P45984
GPNMB,Q14956
APOM,O95445
SLURP1,P55000
GABPA,Q06546
RNU1-1,
CDK5,Q00535
ATF6,P18850
GALNS,P34059
RARS1,P54136
C4BPB,P20851
PGLYRP3,Q96LB9
PCAT1,
TGFBR1,P36897
SLCO2B1,O94956
DEFB4A,O15263
CDK9,P50750
SAT1,P21673
CHI3L1,P36222
CD83,Q01151
ARG1,P05089
ADIPOR2,Q86V24
RPS6KA3,P51812
OLR1,P78380
ANXA2,P07355
ATIC,P31939
S1PR3,Q99500
POU2F1,P14859
ACKR2,O00590
EDIL3,O43854
C1QTNF12,Q5T7M4
RNU105B,
IL23R,Q5VWK5
G6PC1,P35575
KRT10,P13645
NOD1,Q9Y239
IL12RB1,P42701
RBP4,P02753
CIITA,P33076
NCOA2,Q15596
SRF,P11831
APOC3,P02656
SERPING1,P05155
DST,Q03001
NPR2,P20594
PLK1,P53350
PML,P29590
CPD,O75976
ECD,O95905
HTR2A,P28223
FOSL1,P15407
NLRP6,P59044
PCAT2,
HDC,P19113
IGFBP2,P18065
NTS,P30990
GRN,P28799
PTPN1,P18031
TRPV4,Q9HBA0
BLVRA,P53004
MC5R,P33032
VSIR,Q9H7M9
CABS1,Q96KC9
BPIFB4,P59827
JAK3,P52333
MIR10A,
P2RX5-TAX1BP3,
CLEC12A,Q5QGZ9
SI,P14410
WNT7A,O00755
PRKN,O60260
TOP1,P11387
GLP1R,P43220
AGXT,P21549
APOA2,P02652
ERAP1,Q9NZ08
PDIA3,P30101
HSPA1B,P0DMV9
FFAR3,O14843
SCGB2A1,O75556
ANGPTL2,Q9UKU9
MIR101-1,
HCG27,
MIR124-3,
TIMP3,P35625
CST3,P01034
CTSB,P07858
RGS4,P49798
TFEB,P19484
TNIP3,Q96KP6
VIPR1,P32241
HLA-DPA1,P20036
ADRB1,P08588
KCNMA1,Q12791
UGT1A8,Q9HAW9
POLG,P54098
FUS,P35637
ESRRG,P62508
MC2R,Q01718
ADAMTSL1,Q8N6G6
PTPN3,P26045
COL1A1,P02452
CHRM3,P20309
BAD,Q92934
ALPI,P09923
C5,P01031
CRYAB,P02511
MGLL,Q99685
C4BPA,P04003
HAMP,P81172
GPR84,Q9NQS5
LILRA3,Q8N6C8
MIR101-2,
LINC01963,
TBXT,O15178
CCL19,Q99731
EYA1,Q99502
DEFB1,P60022
COL2A1,P02458
CES1,P23141
HNF1A,P20823
TYMP,P19971
MAP2K2,P36507
MAP2K6,P52564
ELK1,P19419
CD47,Q08722
SERPINA3,P01011
SHC1,P29353
SPHK1,Q9NYA1
FOLR2,P14207
POSTN,Q15063
TRAF2,Q12933
CTSA,P10619
EIF4G1,Q04637
EPHA3,P29320
CUL1,Q13616
KLKB1,P03952
RPSA,P08865
TET2,Q6N021
CD2,P06729
CXCR5,P32302
HSPA6,P17066
CXCL13,O43927
PIEZO1,Q92508
POMGNT2,Q8NAT1
C5AR2,Q9P296
RIC3,Q7Z5B4
C1QTNF9,P0C862
CARD16,Q5EG05
ETV3,P41162
MIR181C,
SLURP2,P0DP57
CD46,P15529
ENPP2,Q13822
PEPD,P12955
CHKA,P35790
LACTB,P83111
CSN1S1,P47710
GAS5,
CD68,P34810
FLT1,P17948
ITGB3,P05106
CYP24A1,Q07973
NME1,P15531
OXTR,P30559
GRK2,P25098
ADORA1,P30542
MYLK,Q15746
CASP4,P49662
ITGA2,P17301
COX8A,P10176
MIR16-1,
NCOA1,Q15788
BST2,Q10589
IL10RB,Q08334
MIR511,
SMO,Q99835
ACTG1,P63261
PLCB4,Q15147
BMP3,P12645
PDE1A,P54750
C1S,P09871
AIFM1,O95831
MSTN,O14793
ABCG1,P45844
HLF,Q16534
BRAF,P15056
CAMK1,Q14012
AKT2,P31751
CHRNA4,P43681
ST14,Q9Y5Y6
POU5F1,Q01860
TNFRSF17,Q02223
CHRNB2,P17787
SOX2,P48431
TNFSF13,O75888
ACO1,P21399
EBP,Q15125
PLP1,P60201
CERK,Q8TCT0
RND3,P61587
PPP1R14A,Q96A00
RFK,Q969G6
CARD8,Q9Y2G2
ILF2,Q12905
CXCL14,O95715
FPR3,P25089
MRGPRD,Q8TDS7
ZNF165,P49910
SNHG1,
MIR151A,
MIR486-1,
MUC3B,Q9H195
ENPP1,P22413
SLC16A1,P53985
DCN,P07585
AKR1B10,O60218
CCR7,P32248
PTPRC,P08575
DDX39B,Q13838
GAPDH,P04406
TPO,P07202
MUC6,Q6W4X9
PDGFB,P01127
SCD,O00767
AQP1,P29972
BCL2L11,O43521
PLEK,P08567
FLT4,P35916
GLS,O94925
NPHS1,O60500
WG,
DPP4,P27487
WDR46,O15213
SLC46A1,Q96NT5
HAVCR2,Q8TDQ0
P2RX4,Q99571
ACSL4,O60488
OGDH,Q02218
CYP11B2,P19099
LST1,O00453
HSD17B10,Q99714
B2M,P61769
CTSD,P07339
INPPL1,O15357
SLC4A1,P02730
CAST,P20810
DCX,O43602
HCRTR2,O43614
APBB1,O00213
CD5,P06127
HNF1B,P35680
RACK1,P63244
ATP5F1E,P56381
CISD2,Q8N5K1
PLS1,Q14651
MPIG6B,O95866
SMG1,Q96Q15
SYNE2,Q8WXH0
THBS3,P49746
S100P,P25815
UBE2E2,Q96LR5
ENOX2,Q16206
SIGLEC5,O15389
DDT,P30046
TAS2R14,Q9NYV8
TAS2R50,P59544
TAS2R43,P59537
MIR429,
LINC01152,
FLT3,P36888
PSMB9,P28065
TNFRSF9,Q07011
MUC2,Q02817
IFNG-AS1,
PTGIR,P43119
CD5L,O43866
EP300,Q09472
HFE,Q30201
TNFRSF8,P28908
MIR223,
MIR181D,
PLCB1,Q9NQ66
ARAF,P10398
WNT3A,P56704
PHKA2,P46019
GSDMD,P57764
CAVIN3,Q969G5
SOX9,P48436
CXADR,P78310
GREM1,O60565
PAPPA,Q13219
LMOD1,P29536
SCG5,P05408
ITK,Q08881
IRF1,P10914
PGF,P49763
HNMT,P50135
NF1,P21359
ACR,P10323
KLF4,O43474
BRD2,P25440
RIMS1,Q86UR5
IFT43,Q96FT9
RAD51B,O15315
ABI3BP,Q7Z7G0
TACR3,P29371
DGAT1,O75907
MAPK12,P53778
CLCNKB,P51801
HAS1,Q92839
PVT1,
IGKV2D-29,A0A075B6S2
MAP3K14,Q99558
ST2,
DBH,P09172
CYP17A1,P05093
JUP,P14923
ACTC1,P68032
SLC10A2,Q12908
CYP4A11,Q02928
NPSR1,Q6W5P4
CCL24,O00175
NRG1,Q02297
TGFBR2,P37173
CALCRL,Q16602
CCND3,P30281
PAFAH1B1,P43034
DNASE1,P24855
IGFBP4,P22692
CD63,P08962
FABP1,P07148
PAM,P19021
JUNB,P17275
CD93,Q9NPY3
SOCS2,O14508
MIR124-1,
POR,P16435
OTC,P00480
CRHBP,P24387
PPP3CA,Q08209
RYR1,P21817
PDE8B,O95263
PPP3CB,P16298
PRKD2,Q9BZL6
PRKD3,O94806
PDE1C,Q14123
PPP3CC,P48454
PDE1B,Q01064
PDE7B,Q9NP56
PDE8A,O60658
RGS17,Q9UGC6
F12,P00748
ARNT,P27540
IL1RL2,Q9HB29
CETP,P11597
AGPAT1,Q99943
XPO1,O14980
SLIT2,O94813
SPHK2,Q9NRA0
TLR10,Q9BXR5
MIR93,
MIR221,
MIR17,
MIRLET7E,
MIR181A1,
SNCA,P37840
F2RL3,Q96RI0
IGES,
SLC25A4,P12235
RLBP1,P12271
TCIRG1,Q13488
BBC3,Q96PG8
CDO1,Q16878
STK10,O94804
SLC15A4,Q8N697
DMRT3,Q9NQL9
BCL2L15,Q5TBC7
MIR608,
ASIC2,Q16515
CHST4,Q8NCG5
PIK3CB,P42338
ITGAX,P20702
AGTR2,P50052
PSMD4,P55036
IL1RL1,Q01638
EPRS1,P07814
GPR32,O75388
AIF1,P55008
CYP3A43,Q9HB55
UGT2B15,P54855
DSG3,P32926
STAT5B,P51692
LYZ,P61626
AZGP1,P25311
KLF6,Q99612
TNFRSF18,Q9Y5U5
MIR181A2,
MIR181B1,
TICAM1,Q8IUC6
CACNA1B,Q00975
CACNA1C,Q13936
ARRB1,P49407
AKAP9,Q99996
MYLK3,Q32MK0
DNMT1,P26358
CYLD,Q9NQC7
TNXA,Q16473
TERT,O14746
IL11RA,Q14626
NCOR2,Q9Y618
UCP1,P25874
COPS5,Q92905
CLEC4E,Q9ULY5
SNORD47,
ST7-OT3,
SQSTM1,Q13501
CMKLR1,Q99788
MKI67,P46013
EIF2AK3,Q9NZJ5
AGK,Q53H12
LPAR1,Q92633
LTBP1,Q14766
HNRNPD,Q14103
ADAM8,P78325
MIR100,
MIR16-2,
MIR18A,
MIR369,
MIR99B,
CBS,P35520
RIPK1,Q13546
TOP2A,P11388
KCNJ5,P48544
VHL,P40337
PDE10A,Q9Y233
TOP2B,Q02880
CR1,P17927
CTRL,P40313
NTRK1,P04629
ROCK1,Q13464
SCN9A,Q15858
MGMT,P16455
ABCB4,P21439
AQP3,Q92482
AQP4,P55087
EIF4EBP1,Q13541
NR0B1,P51843
PYGL,P06737
AVP,P01185
CANT1,Q8WVQ1
CGA,P01215
GAP43,P17677
NR1I3,Q14994
RAMP2,O60895
FDX1,P10109
RAMP1,O60894
MIP,P30301
SCG2,P13521
UGT2B17,O75795
GHRH,P01286
IBSP,P21815
H4C16,P62805
SPRR1B,P22528
ATF2,P15336
MIR199B,
LOC111674472,
BAZ2B,Q9UIF8
KIT,P10721
SCN5A,Q14524
PGC,P20142
PGA5,P0DJD9
PGA3,P0DJD8
PGA4,P0DJD7
HSPA1L,P34931
SKP1,P63208
REG1A,P05451
SIK3,Q9Y2K2
SEMA3B,Q13214
UCMA,Q8WVF2
LCN10,Q6JVE6
MIR193B,
MIR30A,
MIR181B2,
PRKCZ,Q05513
CASP7,P55210
ENG,P17813
MIR126,
BSND,Q8WZ55
MS4A2,Q01362
ENO2,P09104
FKBP1A,P62942
HTR1A,P08908
TAC3,Q9UHF0
TACR2,P21452
TIA1,P31483
SLCO1C1,Q9NYB5
CLCA1,A8K7I4
ORMDL3,Q8N138
IL21,Q9HBE4
ITGA2B,P08514
EIF2AK2,P19525
HTT,P42858
ABCC5,O15440
SERPINB5,P36952
SLC29A2,Q14542
CLCNKA,P51800
TAPBP,O15533
GP5,P40197
AXL,P30530
RNASEL,Q05823
GAS6,Q14393
GPX2,P18283
IPO13,O94829
BCHE,P06276
LRP1,Q07954
SERPINB2,P05120
HLA-DRB5,Q30154
HLA-DMB,P28068
VTI1B,Q9UEU0
HLA-DMA,P28067
HLA-DQA2,P01906
HLA-DOA,P06340
HLA-DQB2,P05538
TRIM26,Q12899
HLA-DOB,P13765
HCG18,
TPT1,P13693
AIMP1,Q12904
FLG,P20930
GSK3A,P49840
PGK1,P00558
NOTCH4,Q99466
HABP2,Q14520
SIK1,P57059
DOCK2,Q92608
PRSS8,Q16651
RUNX3,Q13761
SEMA3C,Q99985
HCRTR1,O43613
FLT3LG,P49771
MANF,P55145
AGGF1,Q8N302
DMBT1,Q9UGM3
MRTFA,Q969V6
CD180,Q99467
CD48,P09326
DACT3,Q96B18
MIR210,
MIR574,
MIR29B1,
MIR33A,
MIR20B,
MIR548E,
MIR486-2,
MAP3K5,Q99683
SLC12A1,Q13621
PPIA,P62937
CLDN2,P57739
SGCB,Q16585
CCL26,Q9Y258
ADAM10,O14672
IRAK3,Q9Y616
SGK1,O00141
RB1,P06400
SLC19A1,P41440
NPPC,P23582
TRPM3,Q9HCF6
FKTN,O75072
CLEC4A,Q9UMR7
MIR145,
FAS-AS1,
FGF23,Q9GZV9
MIR203A,
ABL1,P00519
CAMK2B,Q13554
BMP1,P13497
WNT1,P04628
CRK,P46108
GNA14,O95837
RAP2A,P10114
NFKBIE,O00221
RLN2,P04090
RPS6KA1,Q15418
PDCD4,Q53EL6
STAB1,Q9NY15
KCNQ1,P51787
AFP,P02771
TARDBP,Q13148
GMNN,O75496
SLC22A2,O15244
OPRL1,P41146
SGCA,Q16586
PON2,Q15165
CXCL16,Q9H2A7
FNDC5,Q8NAU1
LRP5,O75197
CHRM2,P08172
EPOR,P19235
RASGRP1,O95267
NISCH,Q9Y2I1
ANXA11,P50995
LGMN,Q99538
CD226,Q15762
BACH2,Q9BYV9
C7,P10643
CDK20,Q8IZL9
GPR18,Q14330
RNASEH2C,Q8TDP1
TRAIP,Q9BWF2
SLC9A7,Q96T83
SLC9A9,Q8IVB4
UBE2R2,Q712K3
SAMD9,Q5K651
MMP26,Q9NRE1
SLC9A8,Q9Y2E8
ARHGAP18,Q8N392
PKIA,P61925
SYNE3,Q6ZMZ3
SYNJ2BP,P57105
CASP12,Q6UXS9
FBXO22,Q8NEZ5
MIR29B2,
MIRLET7F1,
MIRLET7F2,
SCARNA10,
SNORA75,
PRDX2,P32119
HTR7,P34969
CRHR1,P34998
PDGFA,P04085
MT2A,P02795
KRIT1,O00522
STC1,P52823
DSPP,Q9NZW4
ILK,Q13418
TRADD,Q15628
PSIP1,O75475
VSIG4,Q9Y279
MIR301B,
AMANZI,
COMP,P49747
UBA1,P22314
MT-CO1,P00395
ZNF133,P52736
DPP10,Q8N608
FABP5,Q01469
IFN1@,
DFFA,O00273
ATG16L1,Q676U5
KLRK1,P26718
ELF3,P78545
NAB1,Q13506
CCNB1,P14635
S1PR1,P21453
SERPINA12,Q8IW75
MIR34A,
MIR216A,
CAMK2A,Q9UQM7
PRKCQ,Q04759
PRKCH,P24723
ADRA2A,P08913
CAMK4,Q16566
GLI1,P08151
GNAO1,P09471
PLCB3,Q01970
ADRA1A,P35348
CFL1,P23528
MAP2K7,O14733
NHERF1,O14745
PPP1R12A,O14974
WNT2,P09544
ADRA2B,P18089
NCK1,P16333
RXFP1,Q9HBX9
ACTR3,P61158
AKAP8,O43823
AKAP12,Q02952
AKAP5,P24588
BMP8B,P34820
RGS16,O15492
NOXA1,Q86UR1
RLN3,Q8WXF3
CPAP,Q9HC77
NTM,Q9P121
ABR,Q12979
CAPS,Q13938
TRBV9,A0A0B4J1U6
NUDT15,Q9NV35
COMT,P21964
PRDX1,Q06830
NKX2-1,P43699
TFAP2A,P05549
ACAN,P16112
VEGFC,P49767
CRAT,P43155
EGR2,P11161
IDUA,P35475
STAR,P49675
CFD,P00746
SLC10A1,Q14973
TGM1,P22735
KRT12,Q99456
KRT3,P12035
GNLY,P22749
TLR1,Q15399
TRAF1,Q13077
KRT14,P02533
GP6,Q9HCN6
KRT17,Q04695
C1QBP,Q07021
COL7A1,Q02388
DCK,P27707
MAP2,P11137
MGAM,O43451
TRPC4,Q9UBN4
CRABP2,P29373
CYP2C18,P33260
FABP2,P12104
SLC6A12,P48065
CHIA,Q9BZP6
MVP,Q14764
UTS2,O95399
CYP20A1,Q6UW02
TMEM196,Q5HYL7
BRD4,O60885
PARK7,Q99497
MC4R,P32245
EIF2S1,P05198
CBR1,P16152
RORC,P51449
TAP1,Q03518
C4A,P0C0L4
TAP2,Q03519
MPI,P34949
NDST1,P52848
EDC3,Q96F86
SYNPO,Q8N3V7
CAMTA1,Q9Y6Y1
LRIG1,Q96JA1
RFC5,P40937
SYTL2,Q9HCH5
MAML3,Q96JK9
MGST2,Q99735
MAN2C1,Q9NTJ4
ULK3,Q6PHR2
ZFP57,Q9NU63
BANK1,Q8NDB2
CPLX3,Q8WVH0
LMAN1L,Q9HAT1
SUDS3,Q9H7L9
CPLANE1,Q9H799
SCAMP5,Q8TAC9
RPP25,Q9BUL9
GPSM3,Q9Y4H4
TRIM10,Q9UDY6
WSB2,Q9NYS7
CREBZF,Q9NS37
FAM219B,Q5XKK7
MMD,Q15546
VSIG10,Q8N0Z9
XKR9,Q5GH70
ZNF675,Q8TD23
CCDC89,Q8N998
HLA-DRB6,
HLA-DQB1-AS1,
LOC283731,
DNM1P35,
HLA-U,
RPS2P5,
PPIAP6,
RPL7AP5,
ENSG00000263096,
PAIP1P1,
MTCO3P1,
DDX18P4,
ENSG00000254031,
ENSG00000274859,
CTBP2P4,
ENSG00000285579,
RNU4-69P,
RPL23AP44,
TCEAL8P1,
lnc-RFC5-5,
lnc-WSB2-3,
HSALNG0086192,
HSALNG0102088,
HSALNG0144247,
LOC124903030,
lnc-HLA-DQA1-9,
lnc-HLA-DRB1-7,
lnc-MSC-6,
lnc-TRIM10-1,
lnc-WSB2-1,
piR-38580-086,
piR-49817,
ENSG00000300996,
ENSG00000307907,
HSALNG0037464,
HSALNG0049423,
HSALNG0049424,
HSALNG0107217,
HSALNG0129609,
LOC105375894,
LOC124900783,
lnc-CCDC89-6,
lnc-STXBP4-6,
piR-32264,
HSALNG0129610,
LOC105377141,
LOC105372338,
LOC124903832,
HDAC1,Q13547
TBK1,Q9UHD2
PIAS1,O75925
LGALS9,O00182
MIR215,
MIR122,
PRG2,P13727
TRPC6,Q9Y210
VDAC1,P21796
TNFSF15,O95150
GZMA,P12544
HBG2,P69892
CLDN5,O00501
HM13,Q8TCT9
MT-CO2,P00403
TNIP2,Q8NFZ5
CHID1,Q9BWS9
ADAMTS4,O75173
SERPINA4,P29622
TIRAP,P58753
COL3A1,P02461
SERPINH1,P50454
ATG5,Q9H1Y0
PRDM1,O75626
DKK1,O94907
E2F1,Q01094
SDC1,P18827
P2RX3,P56373
PRPF8,Q6P2Q9
BTLA,Q7Z6A9
AZU1,P20160
RHOD,O00212
IL17C,Q9P0M4
DEFB118,Q96PH6
GLUD1,P00367
DSP,P15924
KCNH2,Q12809
ASS1,P00966
FOLR1,P15328
HPRT1,P00492
NCAM1,P13591
PRLR,P16471
TSHR,P16473
TEAD1,P28347
ACP5,P13686
FTL,P02792
CS,O75390
GRPR,P30550
KRT19,P08727
NPR3,P17342
PDK4,Q16654
TUBA1B,P68363
ADRB3,P13945
FCGR3B,O75015
GPD1,P21695
RAG1,P15918
S100A10,P60903
SLC26A2,P50443
ID2,Q02363
OPRD1,P41143
CCNG1,P51959
DIO2,Q92813
HPR,P00739
SAA2,P0DJI9
CRISPLD2,Q9H0B8
PMCH,P20382
FABP12,A6NFH5
IDH1,O75874
ALK,Q9UM73
NR5A1,Q13285
EDN3,P14138
PBX1,P40424
RPS19,P39019
CYP11B1,P15538
SYP,P08247
KDM4A,O75164
SAG,P10523
TDP1,Q9NUW8
SLCO1B3,Q9NPD5
USP1,O94782
IAPP,P10997
EDN2,P20800
AHSP,Q9NZD4
DOK5,Q9P104
LINC00251,
P2RX1,P51575
ITGB4,P16144
YAP1,P46937
FABP4,P15090
NAAA,Q02083
OPRK1,P41145
MAP1LC3A,Q9H492
MIR34C,
MIRLET7A1,
MIR502,
NPHS2,Q9NP85
TRNT1,Q96Q11
ADAM33,Q9BZ11
C11orf65,Q8NCR3
CBLB,Q13191
FERMT3,Q86UX7
NTN4,Q9HB63
RO60,P10155
CARHSP1,Q9Y2V2
SPNS2,Q8IVW8
SNORD58B,
ECE1,P42892
LIPC,P11150
TMPO,P42166
ORM1,P02763
COG2,Q14746
CASP6,P55212
CDC25A,P30304
KCNJ1,P48048
LEF1,Q9UJU2
NCOA3,Q9Y6Q9
UCP2,P55851
CEACAM1,P13688
TNFRSF21,O75509
SLC22A3,O75751
SLC26A5,P58743
CLDN7,O95471
DLG5,Q8TDM6
EREG,O14944
ICAM5,Q9UMF0
NEK7,Q8TDX7
SLC23A2,Q9UGH3
CGAS,Q8N884
S100A13,Q99584
ZBTB10,Q96DT7
FAM215A,Q9Y5M1
CDX2,Q99626
MIR142,
ITGAV,P06756
NTN1,O95631
TRAF3,Q13114
GPX1,P07203
PDYN,P01213
SLC15A1,P46059
CCN6,O95389
GPBAR1,Q8TDU6
APLN,Q9ULZ1
IL25,Q9H293
IL26,Q9NPH9
DLEU1,O43261
MIR150,
MIR222,
MIR423,
NRAS,P01111
PRKCG,P05129
PTCH1,Q13635
ACTB,P60709
CACNA1S,Q13698
CAMK2D,Q13557
GYS1,P13807
LIMK1,P53667
PIK3R2,O00459
PRKD1,Q15139
GNAQ,P50148
TUBG1,P23258
CACNA1D,Q01668
DVL1,O14640
GCGR,P47871
GNA11,P29992
PRKCI,P41743
RRAS2,P62070
TUBA4A,P68366
WNT3,P56703
WNT4,P56705
YWHAB,P31946
ARHGEF1,Q92888
DVL2,O14641
IHH,Q14623
KCNJ3,P48549
MYL3,P08590
MYLK2,Q9H1R3
PPP1CB,P62140
TUBB1,Q9H4B7
TUBB2A,Q13885
WNT10B,O00744
ADD1,P35611
ADRA2C,P18825
DOCK1,Q14185
GYS2,P54840
MYH2,Q9UKX2
PHKG2,P15735
PIK3R4,Q99570
CFL2,Q9Y281
DVL3,Q92997
GNAT1,P11488
GNAT2,P19087
GRK3,P35626
MRAS,O14807
MYO5A,Q9Y4I1
PIK3R5,Q8WYR1
PLN,P26678
PTCH2,Q9Y6C5
RAP1B,P61224
SLC8A1,P32418
SPTBN1,Q01082
TUBA8,Q9NY65
WASF1,Q92558
WNT10A,Q9GZT5
WNT2B,Q93097
ABI1,Q8IZP0
AKAP13,Q12802
FZD7,O75084
GNA13,Q14344
GNAL,P38405
MYL1,P05976
MYL4,P12829
PHKB,Q93100
PIK3R3,Q92569
RXFP2,Q8WXD0
TUBB2B,Q9BVA1
TUBB6,Q9BUF5
VAV3,Q9UKW4
WNT11,O96014
WNT7B,P56706
ARHGEF7,Q14155
ARPC1B,O15143
BMP5,P22003
ENTPD5,O75356
MYO9B,Q13459
STK36,Q9NRP7
SUFU,Q9UMX1
ACTR2,P61160
AKAP1,Q92667
ARPC2,O15144
BMP15,O95972
CYFIP2,Q96F07
DHH,O43323
GNA12,Q03113
LASP1,Q14847
PHKA1,P46020
PHKG1,Q16816
PLCB2,Q00722
RRAS,P10301
SLC8A2,Q9UPR5
SLC8A3,P57103
WASL,O00401
WIPF1,O43516
WNT5B,Q9H1J7
WNT6,Q9Y6F9
WNT9B,O14905
ADD2,P35612
BAIAP2,Q9UQB8
CYFIP1,Q7L576
ELMO1,Q92556
ELMO2,Q96JJ3
MYO1C,O00159
NCKAP1,Q9Y2A7
RGS19,P49795
TUBGCP6,Q96RT7
VAV2,P52735
WNT8B,Q93098
WNT9A,O14904
ARPC3,O15145
ARPC5,O15511
MYL6,P60660
TUBGCP2,Q9BSJ2
WASF2,Q9Y6W5
TUBE1,Q9UJT0
WNT16,Q9UBV4
ABI2,Q9NYB9
AKAP10,O43572
AKAP3,O75969
AKAP6,Q13023
AKAP7,O43687
ARPC4,P59998
BMP10,O95393
BRK1,Q8WUW1
ELF2,Q15723
GNA15,P30679
KDELR1,P24390
KDELR2,P33947
RGS1,Q08116
RGS20,O76081
TUBGCP3,Q96CW5
WASF3,Q9UPY6
AKAP4,Q5JQC9
NHERF2,Q15599
TUBA3C,P0DPH7
TUBG2,Q9NRH3
ARPC1A,Q92747
GUCY2F,P51841
MYO10,Q9HD67
WNT8A,Q9H1J5
CREB3,O43889
GNB1L,Q9BYB4
MYL6B,P14649
NCKIPSD,Q9NZQ3
TUBD1,Q9UJT1
TUBGCP5,Q96RT8
AKAP11,Q9UKA4
CAMK1G,Q96NX5
NCKAP1L,P55160
NOXO1,Q8NFA2
SUGT1,Q9Y2Z0
CREB3L4,Q8TEY5
KDELR3,O43731
WIPF2,Q8TF74
RLN1,P04808
WIPF3,A6NGB9
RGSL1,A5PLK6
TUBB7P,
GUCY2EP,
SLC9A3P1,
RAC2,P15153
STIM1,Q13586
NCF4,Q15080
PYGM,P11217
SLC22A12,Q96S37
PNPLA3,Q9NST1
BECN1,Q14457
CTNND1,O60716
ERG,P11308
NEDD4L,Q96PU5
PTPA,Q15257
AHSG,P02765
ULK1,O75385
CRHR2,Q13324
M6PR,P20645
FOSL2,P15408
IL17F,Q96PD4
GPR55,Q9Y2T6
RNLS,Q5VYX0
MT1A,P04731
DUSP13B,Q9UII6
COL20A1,Q9P218
IRGM,A1A4Y4
UCN2,Q96RP3
LOC654780,
MIR92A1,
MIR129-1,
SCN1A,P35498
CASR,P41180
CAPN2,P17655
SETD2,Q9BYW2
HBB,P68871
SIGMAR1,Q99720
HYOU1,Q9Y4L1
CTTN,Q14247
FABP7,O15540
NLRC4,Q9NPP4
NLRP1,Q9C000
TAB1,Q15750
AOC1,P19801
LPO,P22079
TRPM2,O94759
PNOC,Q13519
MIR378A,
PDGFRA,P16234
ABCA3,Q99758
ETS1,P14921
PRNP,F7VJQ1
CAMKK2,Q96RR4
ERN1,O75460
A2M,P01023
MAP3K8,P41279
ADAMTS5,Q9UNA0
TNFRSF14,Q92956
CCR6,P51684
ANXA3,P12429
CCR8,P51685
CNTF,P26441
HTR2B,P41595
TNFRSF6B,O95407
TNPO1,Q92973
CCN1,O00622
TAAR1,Q96RJ0
IL17D,Q8TAD2
PARP14,Q460N5
SELENOP,P49908
SIGLEC9,Q9Y336
TAS2R16,Q9NYV7
ACOD1,A6NK06
MEG3,
DAOA-AS1,
DSCAM-AS1,
LOC110806262,
FGA,P02671
P2RY1,P47900
HSD3B2,P26439
AKR1D1,P51857
HSD3B1,P14060
TRPC5,Q9UL62
DUSP2,Q05923
STIM2,Q9P246
CYP4F11,Q9HBI6
MUSK,O15146
ACTN4,O43707
ITPA,Q9BY32
PAX5,Q02548
DUOX2,Q9NRD8
CRB2,Q5IJ48
IGHG1,P01857
FGFR3,P22607
RET,P07949
CDH2,P19022
KAT2A,Q92830
NPM1,P06748
GCK,P35557
MYB,P10242
PTH1R,Q03431
SCNN1A,P37088
TBP,P20226
VCP,P55072
CALCR,P30988
THRB,P10828
ALDH1A1,P00352
CLTC,Q00610
CSF3R,Q99062
CYP27A1,Q02318
HCN2,Q9UL51
NOG,Q13253
PCK1,P35558
PGD,P52209
TGFBR3,Q03167
POLB,P06746
ASL,P04424
BTD,P43251
ITGA1,P56199
LGI1,O95970
BGN,P21810
CALB1,P05937
CD9,P21926
CYB5R3,P00387
DLX5,P56178
IGFBP6,P24592
PCSK2,P16519
PNMT,P11086
CDH17,Q12864
COL11A1,P12107
GHRHR,Q02643
HYAL2,Q12891
LRPAP1,P30533
OPTN,Q96CV9
PZP,P20742
UBR1,Q8IWV7
CYP7A1,P22680
CARTPT,Q16568
CHGB,P05060
HBG1,P69891
JUND,P17535
POU1F1,P28069
RECQL,P46063
STOM,P27105
CLEC3B,P05452
FBXO32,Q969P5
MT3,P25713
POLR2L,P62875
AANAT,Q16613
ADGRL2,O95490
DIO3,P55073
SDS,P20132
NRGN,Q92686
SCD5,Q86SK9
ATF5,Q9Y2D1
DUSP19,Q8WTR2
RASD1,Q9Y272
ATAD5,Q96QE3
EFS,O43281
MT1F,P04733
CSN2,P05814
CLEC2D,Q9UHP7
THRSP,Q92748
KDM4E,B2RXH2
TYMSOS,Q8TAI1
ADAMTSL4-AS1,Q5T5F5
GTF2IP1,
HSD3BP4,
MIR3117,
MIR4268,
HSR,
FOSB,P53539
H3-3A,P84243
PDCD1LG2,Q9BQ51
SLC27A1,Q6PCB7
MIR196A1,
MIR144,
GSN,P06396
FGB,P02675
MYOD1,P15172
PIN1,Q13526
SIRT3,Q9NTG7
SLC6A2,P23975
CA9,Q16790
XBP1,P17861
GDF5,P43026
ITGB7,P26010
TNFRSF25,Q93038
CLDN3,O15551
F11R,Q9Y624
FCER1A,P12319
LTB4R2,Q9NPC1
ETS2,P15036
MADCAM1,Q13477
STEAP4,Q687X5
MYOG,P15173
RPS3A,P61247
TOR2A,Q5JU69
UCN3,Q969E3
MIR140,
MIR214,
XIST,
MIR199A1,
MIR199A2,
MIR301A,
MIR874,
MIR381,
MIR1226,
MIR1248,
ERBB4,Q15303
GAD1,Q99259
JAG1,P78504
CSNK1D,P48730
CSNK1A1,P48729
KCNQ2,O43526
KMT2A,Q03164
KCNQ3,O43525
ETV6,P41212
ATP2B1,P20020
DMD,P11532
CDH13,P55290
PYY,P10082
SLC6A19,Q695T7
GOLGA2,Q08379
PDE9A,O76083
SRD5A2,P31213
GSTA1,P08263
SMN1,Q16637
FCER1G,P30273
S100A7,P31151
CHI3L2,Q15782
PEAR1,Q5VY43
TAS2R46,P59540
ERVK-6,Q69384
TREM1,Q9NP99
STAB2,Q8WWQ8
CBL,P22681
COL1A2,P08123
AXIN1,O15169
IL17RA,Q96F46
PLIN1,O60240
TWIST1,Q15672
ACLY,P53396
INPP5D,Q92835
RPS6KA2,Q15349
RXRB,P28702
SEMA3A,Q14563
ATP2B4,P23634
MUTYH,Q9UIF7
TLR6,Q9Y2C9
TRPM8,Q7Z2W7
C4B,P0C0L5
ICAM2,P13598
KCNA3,P22001
LAMC1,P11047
ANXA6,P08133
DGAT2,Q96PD7
HAL,P42357
KMT2C,Q8NEZ4
LGR5,O75473
MID1,O15344
THY1,P04216
VNN1,O95497
ADA2,Q9NZK5
MYF5,P13349
RXRG,P48443
TAX1BP1,Q86VP1
GLP2R,O95838
ITGAE,P38570
FMO1,Q01740
LPXN,O60711
EIF4G2,P78344
LILRB2,Q8N423
CD207,Q9UJ71
HSD17B13,Q7Z5P4
IL18RAP,O95256
IL36A,Q9UHA7
MSRB1,Q9NZV6
FCRL6,Q6DN72
MRGPRX1,Q96LB2
IL36B,Q9NZH7
C1QTNF9B,B2RNN3
MIR22,
MIR375,
TDRG1,Q3Y452
MIR130B,
MIR106A,
SNORD22,
LINC01567,
SNORD117,
SNORD80,
MUC8,
LOC111099027,
LOC111099028,
HDAC3,O15379
SLC6A4,P31645
VIPR2,P41587
FCAR,P24071
IL20,Q9NYY1
FGFR2,P21802
RAD51,Q06609
SOS1,Q07889
TNNT2,P45379
FHL2,Q14192
MMP15,P51511
AOX1,Q06278
CD2AP,Q9Y5K6
DYSF,O75923
HTR1B,P28222
NPHP1,O15259
SGCG,Q13326
SLC22A1,O15245
INPP4A,Q96PE3
SRR,Q9GZT4
TINF2,Q9BSI4
FMO5,P49326
KLK10,O43240
MATN1,P21941
DSC1,Q08554
AXDND1,Q5T1B0
PHF11,Q9UIL8
KLF9,Q13886
LINC00311,Q8N616
CCDST,
SCN1A-AS1,
LOC106780800,
LOC110366354,
AURKA,O14965
AURKB,Q96GD4
CHEK1,O14757
LDHA,P00338
PRKG1,Q13976
BRCA2,P51587
ERCC3,P19447
NCF2,P19878
PKN1,Q16512
SLC6A9,P48067
TAB2,Q9NYJ8
ADAM9,Q13443
BAP1,Q92560
CD22,P20273
GCH1,P30793
HNRNPA2B1,P22626
KCND3,Q9UK17
NFATC2,Q13469
OGT,O15294
SYT1,P21579
TCF4,P15884
CDKN1C,P49918
CR2,P20023
CYP27B1,O15528
GSS,P48637
KRT5,P13647
PANX1,Q96RD7
STS,P08842
ARID1A,O14497
CD74,P04233
CKM,P06732
PLD2,O14939
TGFBI,Q15582
ADRA1D,P25100
DAXX,Q9UER7
HES1,Q14469
MAPKAP1,Q9BPZ7
MTTP,P55157
SHMT1,P34896
SLC1A6,P48664
TEC,P42680
ANGPTL4,Q9BY76
CASP5,P51878
KRT13,P13646
LAMA5,O15230
NFIA,Q12857
PHB2,Q99623
POLL,Q9UGP5
SREBF2,Q12772
CCNA1,P78396
PREP,P48147
PSMC4,P43686
BRD7,Q9NPI1
CCNK,O75909
HRH3,Q9Y5N1
RNF31,Q96EP0
ATG12,O94817
FUT4,P22083
GORASP1,Q9BQQ3
LIMS1,P48059
MARCKS,P29966
MX1,P20591
SIGLEC1,Q9BZZ2
TRPC1,P48995
UBASH3B,Q8TF42
CTNNBIP1,Q9NSA3
IL15RA,Q13261
NCR1,O76036
NCR2,O95944
VIL1,P09327
ERP44,Q9BS26
OXER1,Q8TDS5
CYGB,Q8WWM9
LILRB4,Q8NHJ6
PDLIM3,Q53GG5
RAB27B,O00194
SLC23A1,Q9UHI7
TEAD4,Q15561
GPR65,Q8IYL9
BANP,Q8N9N5
EMP1,P54849
DNAJB9,Q9UBS3
SEPTIN8,Q92599
AVEN,Q9NQS1
GTF3A,Q92664
SERINC5,Q86VE9
GPR151,Q8TDV0
HMBOX1,Q6NT76
SAMD14,Q8IZD0
KRBOX4,Q5JUW0
MIR25,
MIR340,
MIR877,
CLCA3P,Q9Y6N3
RPL36A-HNRNPH2,
MIR551B,
MT-TC,
MIR496,
LOC110806263,
STEAP1B-AS2,
ALPL,P05186
FCGR2B,P31994
PELI1,Q96FA3
PRXL2A,Q9BRX8
MIR373,
SCN8A,Q9UQD0
NF2,P35240
SCN10A,Q9Y5Y9
SCN2A,Q99250
SCN3A,Q9NY46
CDH11,P55287
MEN1,O00255
SATB2,Q9UPW6
SLC39A14,Q15043
DUT,P33316
ATP12A,P54707
CES2,O00748
CARD14,Q9BXL6
DYNLT1,P63172
RPLP2,P05387
TMPRSS4,Q9NRS4
PPY,P01298
MEPE,Q9NQ76
UNC93B1,Q9H1C4
USP6,P35125
DEFA5,Q01523
OXGR1,Q96P68
ERVW-1,Q9UQF0
MT-ND1,P03886
PPM1E,Q8WY54
TMPPE,Q6ZT21
GK3,Q14409
H2AC19,Q6FI13
MIR135B,
MIR4664,
MIR4690,
RNU12-2P,
TCAF2C,
CSNK2A1,P68400
PDGFRB,P09619
PTGDS,P41222
MSR1,P21757
HS3ST1,O14792
ACAT1,P24752
BLM,P54132
BUB1B,O60566
PRKAG2,Q9UGJ0
GABBR1,Q9UBS5
GABBR2,O75899
GABRG2,P18507
MTR,Q99707
SLC2A3,P11169
THRA,P10827
TSC1,Q92574
F13A1,P00488
GABRA1,P14867
MPL,P40238
PNLIP,P16233
CCKAR,P32238
CDH15,P55291
COL18A1,P39060
ECHS1,P30084
GABRD,O14764
POLH,Q9Y253
PTK6,Q13882
UGDH,O60701
ANO1,Q5XXA6
CHKB,Q9Y259
DRD1,P21728
KCNE1,P15382
MAP1B,P46821
NUP98,P52948
PDE6B,P35913
DROSHA,Q9NRR4
GLO1,Q04760
MAP3K20,Q9NYL2
ORAI1,Q96D31
PDE11A,Q9HCR9
PDE6A,P16499
PDE6C,P51160
PDE6D,O43924
PPP3R1,P63098
PRKAB2,O43741
PRKAG1,P54619
PSMB10,P40306
TSG101,Q99816
AKR1A1,P14550
AMPD3,Q01432
AMT,P48728
CLCN1,P35523
COL11A2,P13942
CYB5A,P00167
DNM3,Q9UQ16
FRK,P42685
LCT,P09848
PMP22,Q01453
POLK,Q9UBT6
PSMB5,P28074
SLC29A3,Q9BZD2
ATP2A3,Q93084
CSNK1G1,Q9HCP0
MINK1,Q8N4C8
PSMA1,P25786
SLC16A7,O60669
ABCC11,Q96J66
AHSA1,O95433
ATG4B,Q9Y4P1
COL10A1,Q03692
COL13A1,Q5TAT6
PRKAG3,Q9UGI9
SLC29A4,Q7RTT9
SLC30A9,Q6PML9
SLK,Q9H2G2
CBX1,P83916
COL12A1,Q99715
CSNK1G2,P78368
DDAH2,O95865
KCNT2,Q6UVM3
MAPK6,Q16659
PDE6G,P18545
ATP4B,P51164
CD1A,P06126
SMN2,Q16637
TSPYL1,Q9H0U9
DSE,Q9UL01
PDE6H,Q13956
APOBEC1,P41238
COL15A1,P39059
CSNK1G3,Q9Y6M4
MAP4K5,Q9Y4K4
MAPK4,P31152
MYOM2,P54296
B4GALT2,O60909
CA10,Q9NS85
DEFA1,P59665
ORAI2,Q96SN7
SLC31A2,O15432
COL16A1,Q07092
GABRR3,A8MPY1
ZDHHC3,Q9NYG2
EFR3A,Q14156
ME3,Q16798
NECAB1,Q8N987
PTGR2,Q8N8N7
TSPEAR,Q8WU66
MAPK15,Q8TD08
ORAI3,Q9BRQ5
PLA2G2E,Q9NZK7
WDR24,Q96S15
PPP3R2,Q96LZ3
ZBTB22,O15209
AGAP3,Q96P47
JMJD8,Q96S16
LBH,Q53QV2
TMCO6,Q96DC7
KRTAP10-4,P60372
LINC00473,A8K010
HCG22,E2RYF7
HLA-DPB2,
BVR1,
PIBF1,Q8WXW3
IL13RA1,P78552
CD200,P41217
C1QA,P02745
PON3,Q15166
CXCR6,O00574
FGF21,Q9NSA1
MIR29A,
MIRLET7B,
MIR103A2,
MIR103A1,
PCSK9,Q8NBP7
KDM6B,O15054
INHBA,P08476
TXNRD1,Q16881
MLXIPL,Q9NP71
MIR519B,
UCHL1,P09936
DPYD,Q12882
GRIA2,P42262
NOTCH3,Q9UM47
CAPN1,P07384
LMNA,P02545
SLC1A2,P43004
TUBB,P07437
CAD,P27708
DAPK1,P53355
SCNN1B,P51168
SLC12A2,P55011
SLC1A1,P43005
ATP1A2,P50993
IMPDH2,P12268
PPP2R1A,P30153
SDHA,P31040
SREBF1,P36956
STXBP1,P61764
UBE3A,Q05086
APRT,P07741
AQP5,P55064
FGF10,O15520
PDK1,Q15118
PDP1,Q9P0J1
PITX2,Q99697
SLC22A5,O76082
SORD,Q00796
ACAT2,Q9BWD1
ACVR2A,P27037
EZR,P15311
FDXR,P22570
FER,P16591
FH,P07954
HSD17B3,P37058
KISS1R,Q969F8
QDPR,P09417
TRPC3,Q13507
KPNA2,P52292
COL4A5,P29400
HMMR,O75330
HTR2C,P28335
IRF9,Q00978
LPP,Q93052
METAP2,P50579
PALB2,Q86YC2
PSENEN,Q9NZ42
SLC5A5,Q92911
STK39,Q9UEW8
TJP2,Q9UDY2
TRPM7,Q96QT4
AARS1,P49588
AMPH,P49418
APLP2,Q06481
CDC37,Q16543
CMA1,P23946
DHPS,P49366
ENPP3,O14638
FCGRT,P55899
FGF14,Q92915
H6PD,O95479
MMP10,P09238
PAX9,P55771
RAD17,O75943
SEPSECS,Q9HD40
USF1,P22415
ALDH9A1,P49189
BRD3,Q15059
CNBP,P62633
DSG1,Q02413
GJB6,O95452
HCLS1,P14317
HTR1F,P30939
MFN1,Q8IWA4
SBDS,Q9Y3A5
SNCG,O76070
SP3,Q02447
TANK,Q92844
TRIM33,Q9UPN9
UBE2D3,P61077
ADAM19,Q9H013
APLP1,P51693
FPGS,Q05932
KCNH6,Q9H252
KLK11,Q9UBX7
NDUFAF2,Q8N183
PAWR,Q96IZ0
SNAP23,O00161
SPTBN2,O15020
STX3,Q13277
TCF7,P36402
TNFRSF12A,Q9NP84
TSHB,P01222
UCP3,P55916
XPNPEP2,O43895
AGRP,O00253
ATP8A1,Q9Y2Q0
GJD2,Q9UKL4
HBA2,P69905
HTR6,P50406
KCNK18,Q7Z418
NES,P48681
NFYA,P23511
PDLIM1,O00151
QSOX1,O00391
RUNX1T1,Q06455
SCNN1D,P51172
STX5,Q13190
SYVN1,Q86TM6
VAMP3,Q15836
ASRGL1,Q7L266
CLSPN,Q9HAW4
FLVCR2,Q9UPI3
HTR5A,P47898
INSRR,P14616
MFAP2,P55001
PMS1,P54277
SKIC3,Q6PGP7
SLC5A3,P53794
TIMP4,Q99727
VNN2,O95498
ANGPTL6,Q8NI99
CRLF2,Q9HC73
HSD17B12,Q53GQ0
SLCO4A1,Q96BD0
ACSM3,Q53FZ2
ARIH1,Q9Y4X5
CD52,P31358
DDX18,Q9NVP1
IL22RA2,Q969J5
KCNN1,Q92952
PITPNA,Q00169
AQP8,O94778
CKMT1B,P12532
GPR83,Q9NYM4
HCAR1,Q9BXC0
MUC17,Q685J3
NFIL3,Q16649
NOX5,Q96PH1
RGMB,Q6NW40
SLC28A2,O43868
FMO4,P31512
SLA,Q13239
SOX7,Q9BT81
CNKSR3,Q6P9H4
DUOXA2,Q1HG44
LGALS7,P47929
NTAN1,Q96AB6
RTKN,Q9BST9
SLC38A9,Q8NBW4
DNAH6,Q9C0G6
GET1,O00258
PDCD5,O14737
TAAR6,Q96RI8
CKLF,Q9UBR5
CLDN8,P56748
AMY1A,P0DUB6
FSD1L,Q9BXM9
CARF,Q8N187
UGT2A1,P0DTE4
SCRG1,O75711
RPP21,Q9H633
TERC,
H2BC12L,P57053
MT-RNR2,Q8IVG9
MIR19B1,
MIR188,
MIR518D,
DEFB109B,Q30KR1
SNORD26,
FKTN-AS1,
MIR19B2,
MIR3162,
TGFB2-OT1,
LOC109461477,
LOC111589215,
LOC111674463,
LOC108644431,
LOC126861525,
LOC130002286,
LOC130002287,
MSBP2,
LOC110386951,
LOC108281111,
LOC110386948,
LOC129933100,
HDAC4,P56524
CTH,P32929
LRRK2,Q5S007
PDPK1,O15530
LIFR,P42702
LIPG,Q9Y5X9
APCS,P02743
FADS1,O60427
ASAH2,Q9NR71
USP20,Q9Y2K6
LGALS13,Q9UHV8
DEFB126,Q9BYW3
MIAT,
MIRLET7G,
MIR24-2,
MIR33B,
MIR379,
IFNGR1,P15260
CDC25C,P30307
UBE2I,P63279
PHB1,P35232
SIRPA,P78324
ATF1,P18846
NSF,P46459
BACH1,O14867
MAP3K4,Q9Y6R4
NLRP12,P59046
NR0B2,Q15466
FFAR2,O15552
MC3R,P41968
CD200R1,Q8TD46
NUCB2,P80303
CLEC4C,Q8WTT0
GKN2,Q86XP6
HECTD2,Q5U5R9
GLYATL2,Q8WU03
MIR143,
MIR193A,
MIR197,
MIR24-1,
PAPPA-AS1,Q5QFB9
MIR498,
MIR1246,
NALT1,
MIR4516,
TRU-TCA1-1,
TRP-TGG3-1,
LOC117307477,
LOC110973015,
ASAH1,Q13510
STAT2,P52630
ENO1,P06733
IDE,P14735
IFNAR1,P17181
SLC40A1,Q9NP59
GPX4,P36969
HDAC5,Q9UQL6
IRF7,Q92985
LRP6,O75581
NEDD4,P46934
PINK1,Q9BXM7
IL7R,P16871
SIAH1,Q8IUQ4
CEL,P19835
FXR1,P51114
KLF5,Q13887
ADCYAP1R1,P41586
MTNR1B,P49286
P2RY2,P41231
SLC5A6,Q9Y289
GGH,Q92820
HRG,P04196
RBX1,P62877
SIAH2,O43255
ARHGEF4,Q9NR80
CABIN1,Q9Y6J0
FADS2,O95864
HPGDS,O60760
LTBR,P36941
SLC37A4,O43826
FSTL1,Q12841
PITRM1,Q5JRX3
HPSE2,Q8WWQ2
IL17B,Q9UHF5
UPF2,Q9HAU5
BBS5,Q8N3I7
PELP1,Q8IZL8
CCL28,Q9NRJ3
TIMD4,Q96H15
SELENOS,Q9BQE4
GDPD1,Q8N9F7
MAFK,O60675
MACIR,Q96GV9
MALAT1,
MIR132,
MIR26A1,
MIR425,
MIR449A,
MIR302A,
MIR302C,
MIR331,
MIR409,
IFNL4,K9M1U5
MIR26A2,
RNY3,
MIR663A,
MIR660,
BANCR,
MIR1285-1,
MIR543,
IFNAR2-IL10RB,
TRN-GTT2-1,
LOC111674475,
SMAD4,Q13485
EPHA4,P54764
FTH1,P02794
PI4KA,P42356
USP7,Q93009
AHCY,P23526
CUL3,Q13618
DNM1L,O00429
KAT2B,Q92831
YY1,P25490
FANCC,Q00597
FLNB,O75369
HSP90B1,P14625
IGF2R,P11717
MAPKAPK3,Q16644
NCF1,P14598
PTPN22,Q9Y2R2
TYRO3,Q06418
ACADVL,P49748
AMPD1,P23109
CD33,P20138
COL6A1,P12109
IRF5,Q13568
IRF8,Q02556
PAK2,Q13177
PMM2,O15305
TBL1XR1,Q9BZK7
ADAMTS1,Q9UHI8
SLC26A3,P40879
CHIT1,Q13231
FKBP4,Q02790
NCL,P19338
NCOR1,O75376
NR2C2,P49116
PNPLA2,Q96AD5
RPS6,P62753
RPTOR,Q8N122
SQLE,Q14534
ST6GAL1,P15907
STIP1,P31948
CD1D,P15813
GRIP1,Q9Y3R0
IFNGR2,P38484
MED1,Q15648
PTGFR,P43088
RIPK3,Q9Y572
SLC3A2,P08195
SPI1,P17947
TOLLIP,Q9H0E2
U2AF1,Q01081
CITED2,Q99967
NR4A3,Q92570
ROBO4,Q8WZ75
SAMHD1,Q9Y3Z3
SFRP4,Q6FHJ7
DPP9,Q86TI2
FMOD,Q06828
LILRB1,Q8NHL6
MGST1,P10620
MTA1,Q13330
MTNR1A,P48039
NFE2,Q16621
RCOR1,Q9UKL0
RGS10,O43665
SIGLEC8,Q9NYZ4
SMPD2,O60906
IRAK2,O43187
LAG3,P18627
LAIR1,Q6GTX8
MBD2,Q9UBB5
PSMC6,P62333
SH3KBP1,Q96B97
YBX1,P67809
ANXA4,P09525
CCNT1,O60563
GSTK1,Q9Y2Q3
HSF2,Q03933
IL22RA1,Q8N6P7
LPCAT2,Q7L5N7
NLRP7,Q8WX94
CXCL3,P19876
DAPK2,Q9UIK4
FGF20,Q9NP95
CDNF,Q49AH0
DCAF1,Q9Y4B6
FUT7,Q11130
H3C1,P68431
IL13RA2,Q14627
CCL25,O15444
CPEB4,Q17RY0
BPIFA1,Q9NP55
CRTC3,Q6UUV7
IRF2BP2,Q7Z5L9
GSE1,Q14687
LORICRIN,P23490
TINAGL1,Q9GZM7
NOC2L,Q9Y3T9
PLAAT5,Q96KN8
ERFE,Q4G0M1
HCAR3,P49019
JAML,Q86YT9
SMPDL3A,Q92484
ZNRF1,Q8ND25
LANCL2,Q9NS86
SLC5A12,Q1EHB4
MARCHF1,Q8TCQ1
MIR22HG,Q0VDD5
MIR26B,
MIR30E,
DLX6-AS1,
MIR200C,
MIR107,
MIR135A1,
MIR27B,
MIR128-2,
MIR15B,
MIR205,
MIR590,
MIRLET7A3,
MIR133A2,
MIR365A,
SNHG14,
SNHG16,
MIR133A1,
MIR518B,
MIRLET7A2,
SNORD24,
MIR374B,
MIR194-1,
MIR576,
MIR769,
PELATON,
MIR190B,
MIR147B,
MIR655,
SNORD50A,
GCSIR,
MIR3178,
MIR4454,
MIR4443,
CHEK2,O96017
CTSK,P43235
KAT5,Q92993
PKM,P14618
PSEN2,P49810
SHH,Q15465
ALDOA,P04075
CDK8,P49336
PIM1,P11309
ZEB1,P37275
CASP2,P42575
CPT1A,P50416
HSPA9,P38646
IFIH1,Q9BYX4
IFNAR2,P48551
KDM1A,O60341
MITF,O75030
RIGI,O95786
TAF1,P21675
VLDLR,P98155
WNK1,Q9H4A3
YWHAG,P61981
AVPR2,P30518
CD27,P26842
CSNK1E,P49674
CTCF,P49711
FOXA2,Q9Y261
FXN,Q16595
GLRB,P48167
HNRNPA1,P09651
SIN3A,Q96ST3
SIRT2,Q8IXJ6
SLC12A3,P55017
SLC5A2,P31639
VCAN,P13611
CDKN2B,P42772
CHD4,Q14839
CTSS,P25774
DRD4,P21917
EHMT1,Q9H9B1
GALNT3,Q14435
KCNK9,Q9NPC2
LPIN1,Q14693
RAB11A,P62491
RFC1,P35251
SUMO1,P63165
THBS2,P35442
TP63,Q9H3D4
BMX,P51813
CSNK2A2,P19784
MAF,O75444
MST1,P26927
PRCP,P42785
RTN4R,Q9BZR6
SCARB2,Q14108
C1QB,P02746
CLIP1,P30622
DNAJB1,P25685
FABP3,P05413
FOXP1,Q9H334
IRF4,Q15306
MAP3K11,Q16584
NRF1,Q16656
PGRMC1,O00264
ROBO1,Q9Y6N7
SENP1,Q9P0U3
SLC13A3,Q8WWT9
SLC34A1,Q06495
ARHGDIB,P52566
BST1,Q10588
CEACAM5,P06731
CRADD,P78560
H2AX,P16104
HJV,Q6ZVN8
HSPA2,P54652
NDUFS4,O43181
NID1,P14543
NLRP2,Q9NX02
PABPC1,P11940
RBBP4,Q09028
SATB1,Q01826
SEMA7A,O75326
SFRP1,Q8N474
SMURF1,Q9HCE7
SMURF2,Q9HAU4
TCN2,P20062
TLE1,Q04724
TRIM21,P19474
CDC34,P49427
CFP,P27918
DDIT4,Q9NX09
GAK,O14976
NFATC3,Q12968
P2RY6,Q15077
SPINT2,O43291
CFHR1,Q03591
COQ9,O75208
FLOT1,O75955
GATAD2B,Q8WXI9
ICOSLG,O75144
MATN3,O15232
MCAM,P43121
MTA2,O94776
MYBL2,P10244
PARD3,Q8TEW0
PLIN2,Q99541
PTTG1,O95997
RERE,Q9P2R6
RHOC,P08134
S100A6,P06703
SGK2,Q9HBY8
SPINK1,P00995
TRAF5,O00463
UBE3C,Q15386
ZMYM2,Q9UBW7
CFHR3,Q02985
CPA3,P15088
EGR3,Q06889
GDF9,O60383
IDO2,Q6ZQW0
LDLRAP1,Q5SW96
LSP1,P33241
MTA3,Q9BTC8
NFAT5,O94916
NLK,Q9UBE8
NPAS3,Q8IXF0
PDLIM7,Q9NR12
PROK2,Q9HC23
PTMA,P06454
RREB1,Q92766
RUBCN,Q92622
SSTR4,P31391
CCR9,P51686
LGALS4,P56470
LTB,Q06643
MBD3,O95983
MSMB,P08118
PEMT,Q9UBM1
RBBP7,Q16576
RBM4,Q9BWF3
SERPINB3,P29508
SULT1B1,O43704
TBL1X,O60907
USP11,P51784
ZFP36L2,P47974
APBB1IP,Q7Z5R6
CYP4V2,Q6ZWL3
ENPP7,Q6UWV6
IL34,Q6ZMJ4
MBNL1,Q9NR56
PDLIM5,Q96HC4
PLPP3,O14495
POU2F3,Q9UKI9
SLC26A1,Q9H2B4
SNX10,Q9Y5X0
TAB3,Q8N5C8
ADGRB1,O14514
CDYL,Q9Y232
CERS6,Q6ZMG9
CFC1,P0CG37
CLASP2,O75122
ESM1,Q9NQ30
GATAD2A,Q86YP4
NLRX1,Q86UT6
NRDC,O43847
PARP9,Q8IXQ6
PITPNM3,Q9BZ71
PLA2G3,Q9NZ20
PSG1,P11464
SAP30,O75446
ZMYM3,Q14202
CLEC4G,Q6UXB4
CSAD,Q9Y600
CXCL6,P80162
DPP8,Q6V1X1
GPR6,P46095
LPCAT3,Q6P1A2
NFKBIZ,Q9BYH8
NLRC5,Q86WI3
SPON1,Q9HCB6
UBD,O15205
BRMS1,Q9HCU9
GDPD3,Q7L5L3
SERPINB4,P48594
SIN3B,O75182
TRIP6,Q15654
AHCYL2,Q96HN2
CACNG6,Q9BXT2
CDK2AP1,O14519
IFNL3,Q8IZI9
MARCO,Q9UEW3
OTUD7B,Q6GQQ9
SAP30L,Q9HAJ7
TNFSF18,Q9UNG2
HMG20A,Q9NP66
HMG20B,Q9P0W2
MARCHF8,Q5T0T0
MLN,P12872
TRERF1,Q96PN7
CST1,P01037
CYP4F8,P98187
GPR15,P49685
GULP1,Q9UBP9
PDCD2,Q16342
PGGT1B,P53609
SLC22A9,Q8IVM8
TRPC4AP,Q8TEL6
USP39,Q53GS9
HSH2D,Q96JZ2
ZNF7,P17097
DEFA4,P12838
DNTTIP1,Q9H147
GSTT1,P30711
MIER1,Q8N108
MIER3,Q7Z3K6
PDCD2L,Q9BRP1
PLPP6,Q8IY26
SLC39A2,Q9NP94
WIZ,O95785
COMMD10,Q9Y6G5
FAM135B,Q49AJ0
RCOR3,Q9P2K3
OBI1,Q5W0B1
MIER2,Q8N344
SLC17A4,Q9Y2C5
DRGX,A6NNA5
HLA-DRB4,P13762
MIDEAS,Q6PJG2
RCOR2,Q8IZ40
SPIN2B,Q9BPZ2
GLYATL3,Q5SZD4
NEAT1,
CDKN2B-AS1,
SOX2-OT,
HOTAIR,
GNAS-AS1,
MIR152,
MIR192,
MIR208B,
MIR499A,
SNHG7,
MIR148A,
MIR148B,
MIR206,
MIR20A,
MIR212,
MIR30C1,
MIR31,
MIR324,
MIR455,
MIR129-2,
MIR19A,
MIR302D,
MIR346,
MIR503,
HOXA-AS2,
MIR424,
MIR497,
MIR187,
MIR217,
MIR454,
OIP5-AS1,
RN7SL1,
MIR1-1,
MIR1275,
MIR652,
MIR671,
MIR7-1,
CARINH,
MIR1-2,
MIR124-2,
MIR7-2,
MIR7-3,
MIR92A2,
TMEM256-PLSCR3,
MIR194-2,
MT-TK,
MIR376B,
MIR449C,
NCF4-AS1,
LINC01548,A6NM66
MIR1260A,
MIR622,
LMCD1-AS1,
MIR889,
ADIPOQ-AS1,
MIR711,
KDM7A-DT,
MIR365B,
MIR665,
ADAM3A,
MIR4491,
RNU1-4,
MIR1285-2,
AAVS1,
TRR-TCT2-1,
LOC130064510,
MIR7975,
TRV-AAC1-4,
DEFA1A3,
LOC111255642,
FGFR1,P11362
ATR,Q13535
HDAC6,Q9UBN7
BCR,P11274
DNMT3A,Q9Y6K1
ACVR1,Q04771
ALDH2,P05091
ATP2A2,P16615
BMPR2,Q13873
SMARCA4,P51532
TSC2,P49815
AXIN2,Q9Y2T1
DLD,P09622
FZD4,Q9ULV1
GLI3,P10071
P4HB,P07237
PCSK1,P29120
PLD1,Q13393
RAD50,Q92878
SPR,P35270
DDX3X,O00571
MST1R,Q04912
NPC1,O15118
PNP,P00491
RAB7A,P51149
YWHAE,P62258
CCNE1,P24864
CTBP1,Q13363
HDAC8,Q9BY41
IL2RG,P31785
ITGA3,P26006
KCNJ2,P63252
KCNN4,O15554
KRT1,P04264
LRP2,P98164
NBN,O60934
NR2F2,P24468
OAT,P04181
PPP1CA,P62136
PRMT1,Q99873
PSAP,P07602
SLC11A2,P49281
STK4,Q13043
WEE1,P30291
ANGPTL3,Q9Y5C1
ARHGDIA,P52565
ARHGEF2,Q92974
ARSA,P15289
BIN1,O00499
C1R,P00736
CASP10,Q92851
CD3E,P07766
GFPT1,Q06210
GLRA1,P23415
GPI,P06744
GRM5,P41594
GRM6,O15303
HYAL1,Q12794
IDS,P22304
KLK1,P06870
MAG,P20916
MECP2,P51608
NR1D1,P20393
NRP1,O14786
OGG1,O15527
PDHA1,P08559
RAB27A,P51159
RASA1,P20936
ROS1,P08922
SH2D1A,O60880
SLC3A1,Q07837
SLC5A1,P13866
SSTR2,P30874
ST3GAL5,Q9UNP4
TPI1,P60174
YWHAZ,P63104
ACSL1,P33121
ALDH18A1,P54886
AMPD2,Q01433
ATP5F1A,P25705
B4GALT1,P15291
C1QC,P02747
CA4,P22748
CHRM1,P11229
CRKL,P46109
CSF2RB,P32927
DGKE,P52429
EGLN3,Q9H6Z9
FDFT1,P37268
FHL1,Q13642
GATA1,P15976
GNRHR,P30968
HDAC7,Q8WUI4
HK2,P52789
LINGO1,Q96FE5
LMNB1,P20700
MAT2A,P31153
MEF2A,Q02078
MKNK1,Q9BUB5
MYH6,P13533
PADI4,Q9UM07
PDX1,P52945
PEBP1,P30086
PFN1,P07737
PIK3C2B,O00750
PRDX6,P30041
PTPRO,Q16827
RAB5A,P20339
RARG,P13631
SEMA4D,Q92854
SHMT2,P34897
TKT,P29401
WARS1,P23381
ADAM12,O43184
AGRN,O00468
ANG,P03950
APPL1,Q9UKG1
COL6A2,P12110
DHCR24,Q15392
DPYSL2,Q16555
GAB1,Q13480
GALC,P54803
GFER,P55789
GUCY2C,P25092
HMGA2,P52926
HTR1D,P28221
NEFL,P07196
SIRT5,Q9NXA8
SORT1,Q99523
XRCC1,P18887
XRCC6,P12956
AICDA,Q9GZX7
APOC2,P02655
CDC20,Q12834
CHRNA5,P30532
CKB,P12277
CSF2RA,P15509
CSTA,P01040
DLL1,O00548
DPAGT1,Q9H3H5
DRD3,P35462
DSG2,Q14126
FGF5,P12034
FOXG1,P55316
GNMT,Q14749
GRK6,P43250
HDAC11,Q96DB2
HTRA1,Q92743
ICOS,Q9Y6W8
KARS1,Q15046
KDM5B,Q9UGL1
LAMP1,P11279
LAMP2,P13473
MAP4K2,Q12851
MEF2D,Q14814
NT5C3A,Q9H0P0
NTF3,P20783
OSMR,Q99650
P4HA2,O15460
PARP2,Q9UGN5
PRDX5,P30044
PRSS1,P07477
PTPRB,P23467
PXDN,Q92626
RHOB,P62745
RNF2,Q99496
RTN4,Q9NQC3
S100A4,P26447
SEMA3E,O15041
SERPINA5,P05154
SERPINF2,P08697
SLC27A2,O14975
SMAD1,Q15797
SNAI1,O95863
STUB1,Q9UNE7
TAOK1,Q7L7X3
TNFRSF4,P43489
TSPAN7,P41732
UGCG,Q16739
XRCC5,P13010
ACKR1,Q16570
ACP3,P15309
ADAM15,Q13444
AGPS,O00116
APH1A,Q96BI3
APOA5,Q6Q788
APOD,P05090
APOL1,O14791
ARF6,P62330
ATG7,O95352
ATP6V0A2,Q9Y487
BCAR1,P56945
BCOR,Q6W2J9
BMI1,P35226
BNIP3L,O60238
CCT5,P48643
CDA,P32320
CYP2R1,Q6VVX0
DGKA,P23743
DUOX1,Q9NRD9
EFEMP1,Q12805
ENDOG,Q14249
FOXM1,Q08050
FOXP2,O15409
GDF11,O95390
GJA4,P35212
ITGB5,P18084
KDM2B,Q8NHM5
LPAR3,Q9UBY5
MDH1,P40925
MDK,P21741
MFAP5,Q13361
MLKL,Q8NB16
MMP11,P24347
MYOCD,Q8IZQ8
NPY5R,Q15761
PKN2,Q16513
PKP2,Q99959
PTBP1,P26599
RAN,P62826
SDC2,P34741
SLC26A4,O43511
SNAI2,O43623
SOST,Q9BQB4
ST3GAL4,Q11206
TLN1,Q9Y490
TMPRSS15,P98073
TNXB,P22105
VEGFB,P49765
CD151,P48509
CD276,Q5ZPR3
FIBP,O43427
FLII,Q13045
FOXO4,P98177
GRIN3B,O60391
HAX1,O00165
HGFAC,Q04756
LTBP4,Q8N2S1
MAN1A2,O60476
PCBP1,Q15365
PGM3,O95394
PPAT,Q06203
PPM1B,O75688
TECR,Q9NZ01
TNR,Q92752
ABCD2,Q9UBJ2
ABCF1,Q8NE71
BHLHE40,O14503
C9orf72,Q96LT7
CEACAM3,P40198
CEP55,Q53EZ4
DDAH1,O94760
DFFB,O76075
ELAC2,Q9BQ52
ERC1,Q8IUD2
FUT6,P51993
ID1,P41134
KHSRP,Q92945
KLK7,P49862
LNX1,Q8TBB1
METTL3,Q86U44
NEDD8,Q15843
NPTX2,P47972
OLIG2,Q13516
PADI2,Q9Y2J8
PDGFC,Q9NRA1
PDSS1,Q5T2R2
PIGR,P01833
POU2F2,P09086
QKI,Q96PU8
RASGRF1,Q13972
RGMA,Q96B86
SCAP,Q12770
SDC3,O75056
SDC4,P31431
SERPINE2,P07093
SLAMF7,Q9NQ25
TAFAZZIN,Q16635
TRIM63,Q969Q1
UBE2D2,P62837
ZFYVE9,O95405
ACKR3,P25106
ACSL6,Q9UKU0
ADAM28,Q9UKQ2
AHI1,Q8N157
ANKRD1,Q15327
ARID5B,Q14865
BRD1,O95696
CCNC,P24863
CHST6,Q9GZX3
COIL,P38432
COPS3,Q9UNS2
CPEB1,Q9BZB8
DCTN2,Q13561
DKK3,Q9UBP4
DUSP5,Q16690
FUT3,P21217
HAO1,Q9UJM8
IL27RA,Q6UWB1
ITPKB,P27987
JMJD1C,Q15652
KCNK2,O95069
KLRD1,Q13241
MAGI1,Q96QZ7
MPST,P25325
NAB2,Q15742
NCR3,O14931
NET1,Q7Z628
P2RY13,Q9BPV8
P2RY14,Q15391
PCSK6,P29122
PIAS2,O75928
PPP6C,O00743
PROKR2,Q8NFJ6
PTP4A2,Q12974
SDCBP,O00560
SIRT4,Q9Y6E7
SLC4A7,Q9Y6M7
SNIP1,Q8TAD8
SPINT1,O43278
SPRY1,O43609
STC2,O76061
TFPI2,P48307
TNFSF14,O43557
ANO6,Q4KMQ2
ASGR2,P07307
ASMT,P46597
ATG10,Q9H0Y0
AZIN2,Q96A70
CBX4,O00257
CLC,Q05315
COMMD1,Q8N668
CTF1,Q16619
DPP7,Q9UHL4
ECH1,Q13011
FGL2,Q14314
GLRA3,O75311
GSTO2,Q9H4Y5
H1-0,P07305
HAT1,O14929
HDGF,P51858
HSPB2,Q16082
ID3,Q02535
IL36G,Q9NZH8
LEFTY1,O75610
LGALS8,O00214
LRRC8A,Q8IWT6
MEST,Q5EB52
MLNR,O43193
NAIP,Q13075
NUCB1,Q02818
ORM2,P19652
PANX2,Q96RD6
PDIA2,Q13087
PSCA,O43653
RBP1,P09455
RFX1,P22670
RGS5,O15539
SERPINB9,P50453
SESN2,P58004
SLC39A1,Q9NY26
TERF2IP,Q9NYB0
TRIM27,P14373
UAP1,Q16222
USP25,Q9UHP3
VTCN1,Q7Z7D3
ADAMTS17,Q8TE56
CD177,Q8N6Q3
CHRNA9,Q9UGM1
DAB2IP,Q5VWQ8
EGFL7,Q9UHF1
GPR39,O43194
H3-3B,P84243
IKZF2,Q9UKS7
MBOAT7,Q96N66
MCU,Q8NE86
MKKS,Q9NPJ1
MT1X,P80297
NR1D2,Q14995
NR6A1,Q15406
PCOLCE,Q15113
PENK,P01210
RNF5,Q99942
SELENON,Q9NZV5
SFTPA2,Q8IWL1
ST13,P50502
ZBTB7A,O95365
ASAP1,Q9ULH1
BLZF1,Q9H2G9
C1QTNF1,Q9BXJ1
C1QTNF5,Q9BXJ0
CCN4,O95388
CD1C,P29017
CDHR5,Q9HBB8
COTL1,Q14019
FCRL3,Q96P31
FTMT,Q8N4E7
GADD45B,O75293
GOLGA1,Q92805
GPR12,P47775
GPR3,P46089
HEY2,Q9UBP5
IL31,Q6EBC2
LAMP3,Q9UQV4
LCN1,P31025
LY86,O95711
LYST,Q99698
MAP4K1,Q92918
MKNK2,Q9HBH9
RGS12,O14924
RIOK2,Q9BVS4
RNF213,Q63HN8
SCGN,O76038
SELENOI,Q9C0D9
SLC16A4,O15374
SUSD2,Q9UGT4
TET1,Q8NFU7
TLE3,Q04726
TONSL,Q96HA7
TRHDE,Q9UKU6
ULBP2,Q9BZM5
USP19,O94966
WDR11,Q9BZH6
WWTR1,Q9GZV5
AMBRA1,Q9C0C7
ARHGAP45,Q92619
ARID3B,Q8IVW6
ATG14,Q6ZNE5
ATP8B3,O60423
BCAS3,Q9H6U6
CCAR2,Q8N163
CCR10,P46092
CERS4,Q9HA82
CRISP3,P54108
DCAF7,P61962
EFHD2,Q96C19
G6PC2,Q9NQR9
GEM,P55040
GRHL3,Q8TE85
IFNL1,Q8IU54
KLF11,O14901
MED14,O60244
NAT8,Q9UHE5
OLIG1,Q8TAK6
PAFAH2,Q99487
PGAM5,Q96HS1
PLPP1,O14494
RANBP3,Q9H6Z4
SENP8,Q96LD8
YTHDC1,Q96MU7
ZC3HAV1,Q7Z2W4
ZHX2,Q9Y6X8
ADGRG3,Q86Y34
ATP5MF,P56134
CEMIP,Q8WUJ3
CYTH3,O43739
EIF3C,Q99613
GPS1,Q13098
H1-1,Q02539
ITGB1BP1,O14713
MAFG,O15525
MCRS1,Q96EZ8
MOK,Q9UQ07
MYO7B,Q6PIF6
NID2,Q14112
PF4V1,P10720
SCARF1,Q14162
SPA17,Q15506
SUB1,P53999
ACTR1A,P61163
ADM2,Q7Z4H4
CCN5,O76076
CLEC4D,Q8WXI8
DHRS11,Q6UWP2
ERVFRD-1,P60508
FEM1A,Q9BSK4
FUT5,Q11128
GBP5,Q96PP8
GOLGA4,Q13439
JCHAIN,P01591
LACC1,Q8IV20
MAS1,P04201
NOSTRIN,Q8IVI9
NXPH1,P58417
PATJ,Q8NI35
PHPT1,Q9NRX4
PLA2G4E,Q3MJ16
POU2AF1,Q16633
PSG2,P11465
SEC16A,O15027
SRXN1,Q9BYN0
TBCA,O75347
TOR3A,Q9H497
TSPAN6,O43657
AGTRAP,Q6RW13
CD24,P25063
CLTA,P09496
FAIM,Q9NVQ4
GALNTL6,Q49A17
IFNLR1,Q8IU57
MATN2,O00339
MRGPRX2,Q96LB1
MTPN,P58546
NUDT5,Q9UKK9
RGCC,Q9H4X1
RNASE7,Q9H1E1
SEPHS2,Q99611
SLC39A3,Q9BRY0
SUGP1,Q8IWZ8
TNFAIP1,Q13829
TRIM72,Q6ZMU5
ZFP91,Q96JP5
AKAP8L,Q9ULX6
CCL16,O15467
CMKLR2,P46091
COPS4,Q9BT78
DEFA3,P59666
ETV7,Q9Y603
FBXL19,Q6PCT2
FBXL2,Q9UKC9
MAEL,Q96JY0
OSR1,Q8TAX0
PSG4,Q00888
PSG5,Q15238
RETNLB,Q9BQ08
RHBDL2,Q9NX52
SORBS3,O60504
TRIM56,Q9BRZ2
ZNF451,Q9Y4E5
ZNF608,Q9ULD9
ARSH,Q5FYA8
DTX4,Q9Y2E6
FOXD1,Q16676
GPRIN3,Q6ZVF9
NCOA5,Q9HCD5
NPBWR1,P48145
CARMIL1,Q5VZK9
CLEC5A,Q9NY25
DCTPP1,Q9H773
KLF14,Q8TD94
LMBR1L,Q6UX01
MYEOV,Q96EZ4
PELI3,Q8N2H9
RADX,Q6NSI4
SELENOT,P62341
ZNF609,O15014
ECRG4,Q9H1Z8
FBRSL1,Q9HCM7
IFTAP,Q86VG3
PRRC2B,Q5JSZ5
RHOJ,Q9H4E5
RNF182,Q8N6D2
ROMO1,P60602
SELENOW,P63302
SLC46A2,Q9BY10
ZC3H12C,Q9C0D7
DENND4C,Q5VZ89
SELENOM,Q8WWX9
TNFAIP8L3,Q5GJ75
TRIM59,Q8IWR1
CYTL1,Q9NRR1
PLEKHO1,Q53GL0
SELENOH,Q8IZQ5
SELENOK,Q9Y6D0
SELENOO,Q9BVL4
SIGLEC14,Q08ET2
SNRNP35,Q16560
CYP27C1,Q4G0S4
ENHO,Q6UWT2
INSL5,Q9Y5Q6
TMEM184A,Q6ZMB5
USP17L2,Q6R6M4
HLA-DRB3,P79483
CCL3L1,P16619
DEFB127,Q9H1M4
OCSTAMP,Q9BR26
SELENOV,P59797
C19orf48P,
GNRHR2,Q96P88
SCGB1C1,Q8TD33
NME1-NME2,
SNHG29,
MIR184,
MIR204,
DLEU2,
MIR10B,
MIR125B1,
MIR127,
MIR141,
MIR185,
MIR30B,
MIR326,
MIR330,
MIRLET7D,
SNHG28,P0DPA3
CRNDE,
HULC,
MIR125B2,
MIR136,
MIR138-1,
MIR196A2,
MIR196B,
MIR200A,
MIR23B,
MIR342,
MIR34B,
MIR370,
MIR483,
MIR9-1,
MIRLET7I,
FENDRR,
LINC00467,
MIR134,
MIR154,
MIR186,
MIR335,
MIR584,
MIR708,
SNHG8,
ST20-AS1,Q8NBB2
MIR128-1,
MIR28,
MIR29C,
LEF1-AS1,
MIR100HG,
MIR138-2,
MIR30D,
MIR323A,
MIR338,
MIR484,
MIR485,
MIR501,
MIR659,
SNHG6,
TMIGD3,P0DMS9
FOXC2-AS1,
LUCAT1,
MIR1306,
MIR15A,
MIR374A,
MIR500A,
MIR517A,
MIR519D,
MIR9-2,
MIR9-3,
SNHG4,
MIR30C2,
RNY1,
FGD5-AS1,
LINC00265,
MIR105-1,
MIR320E,
MIR627,
ZNF503-AS1,
LINC01133,
MIR487A,
MIR504,
MIR545,
NRIR,
SNORA69,
SNORD13,
CYLD-AS1,
L1CAM-AS1,
MIR522,
MIR548O,
MIR638,
MIR676,
MIR758,
NIFK-AS1,
NKILA,
SNORD20,
LINC01121,
MIR3074,
MIR562,
MIR938,
ABALON,
ARHGAP19-SLIT1,
LINC01488,
LNC-LBCS,
MIR1227,
MIR1290,
MIR2115,
MIR320D1,
MIR4492,
MIR4668,
MIR523,
SDCBP2-AS1,
SNORA57,
MIR105-2,
MIR1260B,
MIR519A1,
MIR520H,
MIR548C,
SNORD58A,
SNORD97,
AOC4P,
DOCK9-DT,
MIR1303,
MIR548D1,
TRG-AS1,
ELDR,
FRAXA,
HSD17B3-AS1,
LINC02620,
MIR1197,
MIR3188,
MIR3909,
MIR519A2,
MIR548D2,
PPP1R13B-DT,
SNORD102,
VESTAR,
CFAP58-DT,
LINC01010,
MIR1244-1,
MIR3189,
MIR3620,
MIR4739,
MIR5100,
MIR600,
GOT2P1,
LINC01228,
MIR2909,
MIR378E,
MIR3960,
MIR448,
MIR4488,
LOC100131496,
LOXL2-AS1,
MIR1972-1,
MIR297,
MIR4508,
MIR650,
SNORD81,
CEP83-DT,
EPIC1,
FAM138E,
LINC01686,
MIR1268A,
MIR1291,
MIR302E,
MIR4319,
MIR4467,
MIR4500,
MIR644A,
MIR4458,
TRL-AAG2-3,
MIR5787,
LOC106501713,
SNORD133,
TRR-ACG1-2,
BDP1P,
MIR8075,
MIR12136,
LOC107988030,
LOC117152610,
LOC117152611,
HDLC3,
LOC107832851,
LOC110599569,
LOC110599585,